frame,r_status,r_x,r_y,t_status,t_id,t_x,t_y,theta_deg,n_blades,n_lit,n_strips
1,searching,,,searching,,,,,5,0,0
2,searching,,,searching,,,,,5,0,0
3,searching,,,searching,,,,,5,0,0
4,searching,,,searching,,,,,5,0,0
5,searching,,,searching,,,,,5,0,0
6,searching,,,searching,,,,,5,0,0
7,searching,,,searching,,,,,5,0,0
8,searching,,,searching,,,,,5,0,0
9,searching,,,searching,,,,,5,0,0
10,searching,,,searching,,,,,5,0,0
11,searching,,,searching,,,,,5,0,0
12,searching,,,searching,,,,,5,0,0
13,searching,,,searching,,,,,5,0,0
14,searching,,,searching,,,,,5,0,0
15,searching,,,searching,,,,,5,0,0
16,searching,,,searching,,,,,5,0,0
17,searching,,,searching,,,,,5,0,0
18,searching,,,searching,,,,,5,0,0
19,searching,,,searching,,,,,5,0,0
20,searching,,,searching,,,,,5,0,0
21,searching,,,searching,,,,,5,0,0
22,searching,,,searching,,,,,5,0,0
23,searching,,,searching,,,,,5,0,0
24,searching,,,searching,,,,,5,0,0
25,searching,,,searching,,,,,5,0,1
26,searching,,,searching,,,,,5,0,0
27,searching,,,searching,,,,,5,0,0
28,searching,,,searching,,,,,5,0,0
29,searching,,,searching,,,,,5,0,0
30,searching,,,searching,,,,,5,0,1
31,searching,,,searching,,,,,5,0,0
32,searching,,,searching,,,,,5,0,0
33,searching,,,searching,,,,,5,0,0
34,searching,,,searching,,,,,5,0,0
35,searching,,,searching,,,,,5,0,0
36,searching,,,searching,,,,,5,0,0
37,searching,,,searching,,,,,5,0,0
38,searching,,,searching,,,,,5,0,0
39,searching,,,searching,,,,,5,0,0
40,searching,,,searching,,,,,5,0,0
41,searching,,,searching,,,,,5,0,0
42,searching,,,searching,,,,,5,0,0
43,searching,,,searching,,,,,5,0,0
44,searching,,,searching,,,,,5,0,0
45,searching,,,searching,,,,,5,0,0
46,searching,,,searching,,,,,5,0,0
47,searching,,,searching,,,,,5,0,0
48,searching,,,searching,,,,,5,0,0
49,searching,,,searching,,,,,5,0,0
50,searching,,,searching,,,,,5,0,0
51,searching,,,searching,,,,,5,0,0
52,searching,,,searching,,,,,5,0,0
53,searching,,,searching,,,,,5,0,0
54,searching,,,searching,,,,,5,0,0
55,searching,,,searching,,,,,5,0,0
56,searching,,,searching,,,,,5,0,0
57,searching,,,searching,,,,,5,0,0
58,searching,,,searching,,,,,5,0,0
59,searching,,,searching,,,,,5,0,0
60,searching,,,searching,,,,,5,0,0
61,searching,,,searching,,,,,5,0,0
62,searching,,,searching,,,,,5,0,0
63,searching,,,searching,,,,,5,0,0
64,searching,,,searching,,,,,5,0,0
65,searching,,,searching,,,,,5,0,0
66,searching,,,searching,,,,,5,0,0
67,searching,,,searching,,,,,5,0,0
68,searching,,,searching,,,,,5,0,0
69,searching,,,searching,,,,,5,0,0
70,searching,,,searching,,,,,5,0,0
71,searching,,,searching,,,,,5,0,0
72,searching,,,searching,,,,,5,0,0
73,searching,,,searching,,,,,5,0,0
74,searching,,,searching,,,,,5,0,0
75,searching,,,searching,,,,,5,0,0
76,searching,,,searching,,,,,5,0,0
77,searching,,,searching,,,,,5,0,0
78,searching,,,searching,,,,,5,0,0
79,searching,,,searching,,,,,5,0,0
80,searching,,,searching,,,,,5,0,0
81,searching,,,searching,,,,,5,0,0
82,searching,,,searching,,,,,5,0,0
83,searching,,,searching,,,,,5,0,0
84,searching,,,searching,,,,,5,0,0
85,searching,,,searching,,,,,5,0,0
86,searching,,,searching,,,,,5,0,0
87,searching,,,searching,,,,,5,0,0
88,searching,,,searching,,,,,5,0,0
89,searching,,,searching,,,,,5,0,0
90,searching,,,searching,,,,,5,0,0
91,searching,,,searching,,,,,5,0,0
92,searching,,,searching,,,,,5,0,0
93,searching,,,searching,,,,,5,0,0
94,searching,,,searching,,,,,5,0,0
95,searching,,,searching,,,,,5,0,0
96,searching,,,searching,,,,,5,0,0
97,searching,,,searching,,,,,5,0,0
98,searching,,,searching,,,,,5,0,0
99,searching,,,searching,,,,,5,0,0
100,searching,,,searching,,,,,5,0,0
101,searching,,,searching,,,,,5,0,0
102,searching,,,searching,,,,,5,0,0
103,searching,,,searching,,,,,5,0,0
104,searching,,,searching,,,,,5,0,0
105,searching,,,searching,,,,,5,0,0
106,searching,,,searching,,,,,5,0,0
107,searching,,,searching,,,,,5,0,0
108,searching,,,searching,,,,,5,0,0
109,searching,,,searching,,,,,5,0,0
110,searching,,,searching,,,,,5,0,0
111,searching,,,searching,,,,,5,0,0
112,searching,,,searching,,,,,5,0,0
113,searching,,,searching,,,,,5,0,0
114,searching,,,searching,,,,,5,0,0
115,searching,,,searching,,,,,5,0,0
116,searching,,,searching,,,,,5,0,0
117,searching,,,searching,,,,,5,0,0
118,searching,,,searching,,,,,5,0,0
119,searching,,,searching,,,,,5,0,0
120,searching,,,searching,,,,,5,0,0
121,searching,,,searching,,,,,5,0,0
122,searching,,,searching,,,,,5,0,0
123,searching,,,searching,,,,,5,0,0
124,searching,,,searching,,,,,5,0,0
125,searching,,,searching,,,,,5,0,0
126,searching,,,searching,,,,,5,0,0
127,searching,,,searching,,,,,5,0,0
128,searching,,,searching,,,,,5,0,0
129,searching,,,searching,,,,,5,0,0
130,searching,,,searching,,,,,5,0,0
131,searching,,,searching,,,,,5,0,0
132,searching,,,searching,,,,,5,0,0
133,searching,,,searching,,,,,5,0,0
134,searching,,,searching,,,,,5,0,0
135,searching,,,searching,,,,,5,0,0
136,searching,,,searching,,,,,5,0,0
137,searching,,,searching,,,,,5,0,0
138,searching,,,searching,,,,,5,0,0
139,searching,,,searching,,,,,5,0,0
140,searching,,,searching,,,,,5,0,0
141,searching,,,searching,,,,,5,0,0
142,searching,,,searching,,,,,5,0,0
143,searching,,,searching,,,,,5,0,0
144,searching,,,searching,,,,,5,0,0
145,searching,,,searching,,,,,5,0,0
146,searching,,,searching,,,,,5,0,0
147,searching,,,searching,,,,,5,0,0
148,searching,,,searching,,,,,5,0,0
149,searching,,,searching,,,,,5,0,0
150,searching,,,searching,,,,,5,0,0
151,searching,,,searching,,,,,5,0,0
152,searching,,,searching,,,,,5,0,0
153,searching,,,searching,,,,,5,0,0
154,searching,,,searching,,,,,5,0,0
155,searching,,,searching,,,,,5,0,0
156,searching,,,searching,,,,,5,0,0
157,searching,,,searching,,,,,5,0,0
158,searching,,,searching,,,,,5,0,0
159,searching,,,searching,,,,,5,0,0
160,searching,,,searching,,,,,5,0,0
161,searching,,,searching,,,,,5,0,0
162,searching,,,searching,,,,,5,0,0
163,searching,,,searching,,,,,5,0,0
164,searching,,,searching,,,,,5,0,0
165,searching,,,searching,,,,,5,0,0
166,searching,,,searching,,,,,5,0,0
167,searching,,,searching,,,,,5,0,0
168,searching,,,searching,,,,,5,0,0
169,searching,,,searching,,,,,5,0,0
170,searching,,,searching,,,,,5,0,0
171,searching,,,searching,,,,,5,0,0
172,searching,,,searching,,,,,5,0,0
173,searching,,,searching,,,,,5,0,0
174,searching,,,searching,,,,,5,0,0
175,searching,,,searching,,,,,5,0,0
176,searching,,,searching,,,,,5,0,0
177,searching,,,searching,,,,,5,0,0
178,searching,,,searching,,,,,5,0,0
179,searching,,,searching,,,,,5,0,0
180,searching,,,searching,,,,,5,0,0
181,searching,,,searching,,,,,5,0,0
182,searching,,,searching,,,,,5,0,0
183,searching,,,searching,,,,,5,0,0
184,searching,,,searching,,,,,5,0,0
185,searching,,,searching,,,,,5,0,0
186,searching,,,searching,,,,,5,0,0
187,searching,,,searching,,,,,5,0,0
188,searching,,,searching,,,,,5,0,0
189,searching,,,searching,,,,,5,0,0
190,searching,,,searching,,,,,5,0,0
191,searching,,,searching,,,,,5,0,0
192,searching,,,searching,,,,,5,0,0
193,searching,,,searching,,,,,5,0,0
194,searching,,,searching,,,,,5,0,0
195,searching,,,searching,,,,,5,0,0
196,searching,,,searching,,,,,5,0,0
197,searching,,,searching,,,,,5,0,0
198,searching,,,searching,,,,,5,0,0
199,searching,,,searching,,,,,5,0,0
200,detected,753.5,487.5,searching,,,,,5,0,1
201,detected,752.8,490.0,searching,,,,,5,0,1
202,detected,751.7,496.3,searching,,,,,5,0,0
203,detected,751.1,501.3,searching,,,,,5,0,0
204,detected,750.8,504.9,searching,,,,,5,0,0
205,detected,750.4,507.9,searching,,,,,5,0,0
206,detected,750.5,510.2,searching,,,,,5,0,0
207,detected,750.7,511.6,searching,,,,,5,0,0
208,detected,750.9,512.8,searching,,,,,5,0,1
209,detected,751.2,513.6,searching,,,,,5,0,1
210,detected,751.7,514.2,searching,,,,,5,0,0
211,detected,752.4,514.6,searching,,,,,5,0,0
212,detected,752.7,515.1,searching,,,,,5,0,0
213,detected,752.8,515.3,searching,,,,,5,0,0
214,detected,752.6,515.4,searching,,,,,5,0,0
215,detected,752.7,515.8,searching,,,,,5,0,0
216,detected,752.6,516.1,searching,,,,,5,0,0
217,detected,752.6,516.3,searching,,,,,5,0,0
218,detected,752.3,516.4,searching,,,,,5,0,0
219,detected,751.9,516.4,searching,,,,,5,0,0
220,detected,751.7,516.2,searching,,,,,5,0,1
221,detected,751.6,516.1,searching,,,,,5,0,0
222,detected,751.3,516.1,searching,,,,,5,0,1
223,detected,750.6,516.0,searching,,,,,5,0,0
224,detected,750.1,516.0,detected,1,715.4,726.0,260.6,5,0,1
225,detected,750.0,516.3,detected,1,714.0,726.0,260.3,5,1,0
226,detected,750.3,516.3,detected,1,714.0,726.0,260.2,5,1,1
227,detected,750.9,515.9,detected,1,712.5,724.5,259.6,5,1,0
228,detected,751.4,515.2,detected,1,712.0,724.0,259.3,5,1,0
229,detected,752.5,515.4,detected,1,711.5,723.0,258.8,5,1,0
230,detected,753.4,515.9,detected,1,710.5,724.0,258.4,5,1,0
231,detected,754.0,516.2,detected,1,709.0,724.0,257.8,5,1,0
232,detected,754.2,515.4,detected,1,707.0,721.5,257.1,5,1,1
233,detected,755.9,510.9,detected,1,709.0,713.5,257.0,5,1,0
234,detected,759.7,502.2,detected,1,715.0,699.5,257.2,5,1,1
235,detected,766.8,485.4,detected,1,722.5,674.5,256.8,5,1,1
236,detected,773.2,470.9,detected,1,727.0,662.5,256.5,5,1,1
237,detected,783.3,451.7,detected,1,738.5,639.5,256.6,5,1,0
238,detected,790.2,438.1,detected,1,740.0,630.0,255.4,5,1,0
239,detected,794.3,428.3,detected,1,740.0,622.0,254.3,5,1,0
240,detected,797.8,414.0,detected,1,742.0,604.0,253.6,5,1,0
241,detected,799.8,400.1,detected,1,741.0,590.0,252.8,5,1,0
242,detected,799.4,390.6,detected,1,734.0,583.0,251.2,5,1,0
243,detected,799.7,389.2,detected,1,734.0,589.0,251.8,5,1,0
244,detected,801.6,391.6,detected,1,738.0,595.0,252.6,5,1,0
245,detected,799.5,393.1,detected,1,731.5,596.0,251.5,5,1,0
246,detected,796.8,391.8,detected,1,726.0,590.0,250.4,5,1,0
247,detected,793.3,392.1,detected,1,718.5,591.5,249.4,5,1,0
248,detected,793.4,391.3,detected,1,721.5,589.5,250.1,5,1,0
249,detected,794.7,392.9,detected,1,721.0,591.5,249.6,5,1,0
250,detected,793.4,396.7,detected,1,716.5,597.0,249.0,5,1,0
251,detected,793.7,400.4,detected,1,717.5,600.5,249.2,5,1,0
252,detected,795.3,410.1,detected,1,718.0,615.5,249.4,5,1,0
253,detected,797.8,420.0,detected,1,720.5,625.0,249.3,5,1,0
254,detected,804.9,432.3,detected,1,730.0,639.0,250.1,5,1,0
255,detected,811.0,443.6,detected,1,734.5,649.0,249.6,5,1,0
256,detected,815.5,459.8,detected,1,736.5,669.0,249.3,5,1,0
257,detected,819.7,470.9,detected,1,739.5,675.0,248.5,5,1,0
258,detected,823.6,478.7,detected,1,742.5,679.0,248.0,5,1,0
259,detected,828.8,488.4,detected,1,745.5,689.0,247.5,5,1,0
260,detected,833.0,495.9,detected,1,747.0,694.5,246.6,5,1,0
261,detected,835.7,499.2,detected,1,748.5,692.5,245.7,5,1,0
262,detected,838.1,500.8,detected,1,747.0,690.5,244.3,5,1,0
263,detected,839.6,501.7,detected,1,747.0,690.5,243.9,5,1,0
264,detected,841.4,501.9,detected,1,747.0,689.0,243.2,5,1,0
265,detected,843.2,497.9,detected,1,748.5,680.0,242.5,5,1,0
266,detected,844.1,493.4,detected,1,746.5,674.5,241.7,5,1,0
267,detected,845.0,488.7,detected,1,745.0,668.0,240.9,5,1,0
268,detected,845.9,485.3,detected,1,744.5,665.0,240.5,5,1,0
269,detected,846.6,482.5,detected,1,744.5,662.5,240.4,5,1,0
270,detected,846.6,480.0,detected,1,742.5,659.0,239.8,5,1,0
271,detected,846.8,478.5,detected,1,740.5,657.0,239.2,5,1,0
272,detected,846.8,477.5,detected,1,739.0,656.0,238.9,5,1,0
273,detected,848.1,475.7,detected,1,740.0,652.0,238.5,5,1,0
274,detected,849.4,475.0,detected,1,740.0,651.5,238.2,5,1,0
275,detected,849.5,474.8,detected,1,738.5,651.5,237.9,5,1,0
276,detected,849.1,467.7,detected,1,736.0,636.0,236.1,5,1,0
277,detected,849.0,461.8,detected,1,734.5,630.0,235.7,5,1,0
278,detected,845.9,464.2,detected,1,726.0,639.5,235.6,5,1,0
279,detected,844.7,467.3,detected,1,726.5,643.0,236.1,5,1,0
280,detected,845.1,471.2,detected,1,726.5,646.5,235.9,5,1,0
281,detected,842.9,478.8,detected,1,720.5,656.5,235.4,5,1,0
282,detected,840.1,480.8,detected,1,716.5,653.0,234.3,5,1,0
283,detected,840.8,478.1,detected,1,718.0,643.0,233.3,5,1,0
284,detected,840.8,478.1,detected,1,716.5,644.0,233.2,5,1,0
285,detected,843.0,482.3,detected,1,720.0,652.0,234.1,5,1,0
286,detected,845.0,487.1,detected,1,720.5,656.5,233.7,5,1,0
287,detected,845.8,494.8,detected,1,719.5,666.0,233.6,5,1,0
288,detected,846.3,499.8,detected,1,718.5,668.0,232.8,5,1,0
289,detected,846.9,498.2,detected,1,718.5,658.0,231.2,5,1,0
290,detected,848.2,482.6,detected,1,718.0,626.0,227.8,5,1,0
291,detected,845.8,474.5,detected,1,710.5,626.0,228.2,5,1,0
292,detected,843.7,473.8,detected,1,708.0,631.0,229.2,5,1,0
293,detected,846.6,477.1,detected,1,715.5,637.0,230.6,5,1,0
294,detected,848.3,482.8,detected,1,714.0,644.0,230.2,5,1,0
295,detected,847.7,496.7,detected,1,710.0,665.0,230.7,5,1,0
296,detected,851.6,509.8,detected,1,717.0,675.5,230.9,5,1,0
297,detected,855.0,518.4,detected,1,719.0,678.5,229.6,5,1,0
298,detected,857.3,525.5,detected,1,720.0,684.0,229.1,5,1,0
299,detected,858.4,535.2,detected,1,719.5,696.0,229.2,5,1,0
300,detected,858.4,536.6,detected,1,717.5,688.0,227.0,5,1,0
301,detected,857.7,529.3,detected,1,713.0,669.0,224.0,5,1,0
302,detected,856.9,526.7,detected,1,711.5,669.5,224.5,5,1,0
303,detected,859.9,525.3,detected,1,717.0,667.5,224.8,5,1,0
304,detected,862.7,524.9,detected,1,719.0,667.5,224.8,5,1,0
305,detected,863.5,525.8,detected,1,717.5,669.5,224.5,5,1,0
306,detected,863.9,529.3,detected,1,716.0,674.0,224.4,5,1,0
307,detected,866.4,532.1,detected,1,718.0,673.5,223.6,5,1,0
308,detected,868.0,533.6,detected,1,718.0,672.5,222.8,5,1,0
309,detected,868.7,537.0,detected,1,717.5,677.0,222.8,5,1,0
310,detected,869.9,540.5,detected,1,718.0,679.5,222.5,5,1,0
311,detected,870.7,543.5,detected,1,718.5,681.0,222.1,5,1,0
312,detected,870.9,546.3,detected,1,716.5,681.5,221.2,5,1,0
313,detected,871.2,548.9,detected,1,716.0,683.0,220.8,5,1,0
314,detected,868.6,544.4,detected,1,709.5,669.0,218.1,5,1,0
315,detected,865.2,539.2,detected,1,704.0,661.5,217.2,5,1,0
316,detected,859.4,538.1,detected,1,695.0,662.0,217.0,5,1,0
317,detected,857.3,537.9,detected,1,696.0,662.0,217.6,5,1,0
318,detected,857.9,539.5,detected,1,698.5,664.0,218.0,5,1,0
319,detected,857.7,546.0,detected,1,697.0,674.0,218.5,5,1,0
320,detected,860.6,552.2,detected,1,702.0,679.0,218.6,5,1,0
321,detected,863.3,556.9,detected,1,703.5,681.0,217.8,5,1,0
322,detected,865.2,560.9,detected,1,703.5,683.0,217.0,5,1,0
323,detected,869.0,566.6,detected,1,708.0,688.0,217.0,5,1,0
324,detected,871.8,571.5,detected,1,709.5,691.5,216.5,5,1,0
325,detected,873.6,576.8,detected,1,710.0,695.5,216.0,5,1,0
326,detected,874.8,580.1,detected,1,710.0,695.5,215.0,5,1,0
327,detected,876.2,582.8,detected,1,710.0,696.0,214.3,5,1,0
328,detected,877.0,586.4,detected,1,709.5,699.0,213.9,5,1,0
329,detected,877.3,588.4,detected,1,708.5,698.5,213.1,5,1,0
330,detected,876.6,590.0,detected,1,706.0,697.0,212.1,5,1,0
331,detected,876.0,590.8,detected,1,705.0,695.5,211.5,5,1,0
332,detected,875.3,591.7,detected,1,703.5,695.0,211.0,5,1,0
333,detected,875.2,592.1,detected,1,703.5,694.0,210.7,5,1,0
334,detected,876.3,591.8,detected,1,705.0,691.0,210.1,5,1,0
335,detected,876.9,592.1,detected,1,705.0,691.0,209.9,5,1,0
336,detected,878.0,593.1,detected,1,705.0,690.0,209.3,5,1,0
337,detected,879.1,592.9,detected,1,707.0,688.0,208.9,5,1,0
338,detected,880.1,593.0,detected,1,707.0,687.0,208.5,5,1,0
339,detected,880.0,594.4,detected,1,705.0,687.5,208.0,5,1,0
340,detected,879.7,595.5,detected,1,705.0,687.5,207.8,5,1,0
341,detected,879.1,598.0,detected,1,702.0,688.5,207.1,5,1,0
342,detected,878.1,600.2,detected,1,701.0,690.0,206.9,5,1,1
343,detected,877.6,602.7,detected,1,699.5,690.5,206.3,5,1,0
344,detected,876.8,604.6,detected,1,699.0,691.5,206.1,5,1,0
345,detected,876.9,607.5,detected,1,698.5,692.0,205.3,5,1,0
346,detected,877.2,609.8,detected,1,699.0,693.0,205.0,5,1,0
347,detected,877.3,611.9,detected,1,698.5,694.0,204.7,5,1,0
348,detected,877.2,614.4,detected,1,698.0,694.0,203.9,5,1,0
349,detected,876.9,616.5,detected,1,696.5,694.0,203.3,5,1,1
350,detected,876.3,619.0,detected,1,695.5,694.5,202.7,5,1,0
351,detected,875.5,620.6,detected,1,694.0,694.0,202.0,5,1,0
352,detected,874.7,622.1,detected,1,694.0,694.0,201.7,5,1,0
353,detected,874.7,625.3,detected,1,692.5,697.5,201.6,5,1,0
354,detected,874.3,627.9,detected,1,692.5,699.0,201.4,5,1,0
355,detected,874.7,631.2,detected,1,693.0,700.5,200.9,5,1,0
356,detected,874.9,633.6,detected,1,692.0,700.5,200.1,5,1,0
357,detected,874.7,635.3,detected,1,691.5,699.5,199.3,5,1,0
358,detected,874.6,636.1,detected,1,691.0,698.0,198.6,5,1,0
359,detected,874.0,636.6,detected,1,689.5,695.5,197.7,5,1,0
360,detected,873.6,637.3,detected,1,689.0,695.0,197.4,5,1,0
361,detected,873.0,637.9,detected,1,687.5,695.0,197.1,5,1,0
362,detected,872.3,638.4,detected,1,687.0,693.0,196.4,5,1,0
363,detected,871.9,639.0,detected,1,686.5,691.5,195.8,5,1,0
364,detected,871.3,640.6,detected,1,685.0,692.0,195.4,5,1,0
365,detected,870.8,641.7,detected,1,685.0,693.0,195.4,5,1,1
366,detected,870.1,643.3,detected,1,684.5,693.0,195.0,5,1,0
367,detected,869.0,645.9,detected,1,682.5,694.5,194.6,5,1,0
368,detected,868.0,648.2,detected,1,681.0,694.0,193.8,5,1,0
369,detected,867.3,649.9,detected,1,680.5,693.0,193.0,5,1,0
370,detected,866.9,651.2,detected,1,680.0,693.0,192.6,5,1,0
371,detected,867.2,652.8,detected,1,681.5,693.0,192.2,5,1,0
372,detected,867.8,654.7,detected,1,681.5,693.5,191.8,5,1,0
373,detected,867.7,657.1,detected,1,680.0,695.0,191.4,5,1,0
374,detected,867.4,658.8,detected,1,679.5,695.0,190.9,5,1,0
375,detected,867.2,660.4,detected,1,679.5,695.0,190.4,5,1,0
376,detected,866.3,661.9,detected,1,678.0,693.5,189.5,5,1,0
377,detected,865.9,662.7,detected,1,677.5,693.0,189.1,5,1,0
378,detected,865.7,663.6,detected,1,678.0,692.5,188.7,5,1,1
379,detected,865.9,665.6,detected,1,678.5,693.0,188.3,5,1,0
380,detected,866.5,667.7,detected,1,678.0,693.0,187.6,5,1,0
381,detected,866.5,669.6,detected,1,678.5,694.0,187.4,5,1,0
382,detected,866.5,671.5,detected,1,678.5,695.0,187.1,5,1,0
383,detected,866.8,673.8,detected,1,679.5,695.0,186.5,5,1,0
384,detected,867.2,675.6,detected,1,679.0,695.0,185.9,5,1,1
385,detected,867.1,677.3,detected,1,679.5,695.0,185.4,5,1,0
386,detected,867.3,680.2,detected,1,679.0,697.0,185.1,5,1,0
387,detected,867.4,682.6,detected,1,678.5,697.5,184.5,5,1,0
388,detected,867.5,684.8,detected,1,678.5,698.5,184.2,5,1,0
389,detected,867.5,686.6,detected,1,679.0,698.5,183.6,5,1,0
390,detected,867.9,688.5,detected,1,679.5,698.5,183.0,5,1,0
391,detected,868.7,690.0,detected,1,681.0,697.0,182.1,5,1,0
392,detected,869.1,690.8,detected,1,681.0,696.5,181.7,5,1,0
393,detected,869.3,691.9,detected,1,682.0,696.0,181.3,5,1,0
394,detected,869.6,692.9,detected,1,682.5,695.0,180.6,5,1,0
395,detected,868.5,693.7,detected,1,681.5,694.0,180.1,5,1,0
396,detected,868.0,694.8,detected,1,681.0,694.0,179.7,5,1,0
397,detected,867.3,695.7,detected,1,680.5,692.5,179.0,5,1,0
398,detected,865.4,696.3,detected,1,678.5,691.5,178.5,5,1,0
399,detected,864.1,697.3,detected,1,677.5,690.0,177.8,5,1,0
400,detected,862.5,697.9,detected,1,676.5,690.0,177.6,5,1,0
401,detected,860.2,700.9,detected,1,674.0,692.5,177.4,5,1,0
402,detected,857.9,704.2,detected,1,672.0,694.5,177.0,5,1,0
403,detected,855.9,707.1,detected,1,670.5,696.0,176.6,5,1,0
404,detected,853.7,709.1,detected,1,669.5,696.0,175.9,5,1,0
405,detected,852.6,710.3,detected,1,669.0,694.0,174.9,5,1,0
406,detected,851.6,710.4,detected,1,669.0,692.0,174.2,5,1,0
407,detected,850.5,710.4,detected,1,669.0,690.5,173.7,5,1,0
408,detected,849.6,710.5,detected,1,668.5,689.0,173.2,5,1,0
409,detected,849.1,710.7,detected,1,668.5,687.5,172.7,5,1,0
410,detected,848.3,712.1,detected,1,668.0,687.0,172.1,5,1,1
411,detected,847.2,713.3,detected,1,668.0,685.5,171.2,5,1,1
412,detected,846.3,716.4,detected,1,655.0,692.5,172.9,5,1,0
413,detected,844.9,719.7,detected,1,666.5,693.0,171.5,5,1,0
414,detected,843.2,722.1,detected,1,664.5,693.5,170.9,5,1,0
415,detected,842.2,723.8,detected,1,664.5,692.0,169.9,5,1,1
416,detected,840.8,724.4,detected,1,664.5,690.0,169.0,5,1,0
417,detected,839.8,724.3,detected,1,664.5,686.5,167.8,5,1,0
418,detected,839.1,723.7,detected,1,664.5,684.5,167.4,5,1,1
419,detected,838.3,723.6,detected,1,664.5,684.0,167.2,5,1,0
420,detected,836.9,724.8,detected,1,664.0,684.0,166.7,5,1,0
421,detected,836.2,726.4,detected,1,663.5,684.5,166.4,5,1,0
422,detected,834.3,729.7,detected,1,662.0,687.5,166.2,5,1,1
423,detected,832.3,731.2,detected,1,660.5,687.0,165.6,5,1,0
424,detected,829.9,732.1,detected,1,658.5,685.5,164.8,5,1,0
425,detected,827.2,732.3,detected,1,656.5,683.0,163.9,5,1,0
426,detected,825.3,732.2,detected,1,656.0,681.0,163.2,5,1,0
427,detected,824.0,732.2,detected,1,657.0,679.0,162.3,5,1,0
428,detected,823.2,732.4,detected,1,657.0,678.5,162.0,5,1,0
429,detected,821.8,732.4,detected,1,656.5,677.0,161.5,5,1,0
430,detected,820.7,732.7,detected,1,657.0,675.5,160.7,5,1,0
431,detected,820.3,733.6,detected,1,657.0,676.0,160.6,5,1,0
432,detected,819.4,734.6,detected,1,656.5,675.0,159.9,5,1,0
433,detected,817.4,734.8,detected,1,655.5,674.0,159.4,5,1,0
434,detected,816.0,734.6,detected,1,654.5,672.0,158.8,5,1,0
435,detected,813.7,733.6,detected,1,653.0,668.0,157.8,5,1,0
436,detected,812.2,732.9,detected,1,652.5,666.5,157.4,5,1,0
437,detected,810.1,732.4,detected,1,651.5,664.0,156.7,5,1,0
438,detected,808.4,732.5,detected,1,650.5,663.5,156.4,5,1,1
439,detected,806.7,734.2,detected,1,650.0,665.5,156.3,5,1,0
440,detected,806.1,735.9,detected,1,651.5,665.5,155.5,5,1,0
441,detected,805.8,736.7,detected,1,652.0,664.5,154.9,5,1,0
442,detected,803.9,736.6,detected,1,651.0,662.0,154.0,5,1,0
443,detected,802.7,736.3,detected,1,650.5,660.0,153.4,5,1,0
444,detected,800.3,736.1,detected,1,649.0,658.0,152.7,5,1,0
445,detected,798.4,736.2,detected,1,648.5,656.5,152.0,5,1,0
446,detected,796.7,736.1,detected,1,647.0,656.5,152.0,5,1,0
447,detected,793.6,737.3,detected,1,645.0,656.0,151.3,5,1,0
448,detected,791.1,737.9,detected,1,643.0,655.0,150.8,5,1,0
449,detected,789.5,737.9,detected,1,643.0,654.0,150.2,5,1,0
450,detected,787.1,738.2,detected,1,642.5,652.0,149.2,5,1,0
451,detected,784.9,738.3,detected,1,641.0,650.0,148.5,5,1,0
452,detected,783.2,738.7,detected,1,641.0,650.0,148.1,5,1,0
453,detected,782.4,739.1,detected,1,641.0,650.0,147.8,5,1,0
454,detected,781.2,739.8,detected,1,642.5,649.5,146.9,5,1,0
455,detected,780.3,741.1,detected,1,642.5,649.5,146.4,5,1,0
456,detected,779.1,742.6,detected,1,641.0,650.5,146.3,5,1,0
457,detected,776.9,745.5,detected,1,640.5,653.5,146.0,5,1,0
458,detected,775.0,748.3,detected,1,639.0,654.5,145.4,5,1,0
459,detected,773.1,750.6,detected,1,639.0,655.5,144.6,5,1,0
460,detected,770.7,752.5,detected,1,637.0,655.0,143.9,5,1,0
461,detected,768.9,753.2,detected,1,637.0,653.5,142.9,5,1,0
462,detected,767.0,754.1,detected,1,636.5,653.5,142.4,5,1,0
463,estimated,766.3,755.7,detected,1,636.5,653.5,141.8,5,1,1
464,estimated,765.6,757.3,detected,1,636.5,653.5,141.2,5,1,1
465,estimated,765.0,758.9,lost,1,636.5,653.5,,5,1,1
466,estimated,764.3,760.5,lost,1,636.5,653.5,,5,1,0
467,estimated,780.3,801.3,lost,1,636.5,653.5,,5,1,0
468,estimated,768.3,765.3,lost,1,636.5,653.5,,5,1,0
469,estimated,746.8,731.3,lost,1,636.5,653.5,,5,1,0
470,estimated,700.8,682.3,lost,1,636.5,653.5,,5,1,0
471,estimated,695.8,672.8,lost,1,636.5,653.5,,5,1,0
472,estimated,673.8,648.3,lost,1,636.5,653.5,,5,1,0
473,estimated,624.8,616.3,lost,1,636.5,653.5,,5,1,0
474,estimated,603.3,605.8,lost,1,636.5,653.5,,5,1,1
475,estimated,583.8,578.8,lost,1,636.5,653.5,,5,1,0
476,estimated,576.3,562.8,lost,1,636.5,653.5,,5,1,0
477,estimated,584.2,545.8,lost,1,636.5,653.5,,5,1,0
478,estimated,583.2,541.8,lost,1,636.5,653.5,,5,1,0
479,estimated,621.2,549.3,lost,1,636.5,653.5,,5,1,0
480,estimated,621.7,545.3,lost,1,636.5,653.5,,5,1,1
481,estimated,625.2,544.8,lost,1,636.5,653.5,,5,1,1
482,estimated,636.2,545.8,lost,1,636.5,653.5,,5,1,0
483,estimated,639.7,547.8,lost,1,636.5,653.5,,5,1,1
484,estimated,642.2,550.8,lost,1,636.5,653.5,,5,1,0
485,estimated,650.2,557.8,lost,1,636.5,653.5,,5,1,1
486,estimated,652.7,563.1,lost,1,636.5,653.5,,5,1,1
487,estimated,656.7,569.6,lost,1,636.5,653.5,,5,1,1
488,estimated,663.2,593.0,lost,1,636.5,653.5,,5,1,1
489,estimated,669.7,616.3,lost,1,636.5,653.5,,5,1,1
490,estimated,676.1,639.6,lost,1,636.5,653.5,,5,1,1
491,estimated,682.6,662.9,lost,1,636.5,653.5,,5,1,1
492,estimated,689.1,686.2,lost,1,636.5,653.5,,5,1,1
493,estimated,695.6,709.5,lost,1,636.5,653.5,,5,1,0
494,estimated,702.1,732.9,lost,1,636.5,653.5,,5,1,1
495,estimated,708.5,756.2,lost,1,636.5,653.5,,5,1,0
496,estimated,715.0,779.5,lost,1,636.5,653.5,,5,1,0
497,estimated,721.5,802.8,lost,1,636.5,653.5,,5,1,1
498,estimated,728.0,826.1,lost,1,636.5,653.5,,5,1,0
499,estimated,734.4,849.5,lost,1,636.5,653.5,,5,1,1
500,estimated,740.9,872.8,lost,1,636.5,653.5,,5,1,0
501,estimated,747.4,896.1,lost,1,636.5,653.5,,5,1,2
502,estimated,753.9,919.4,lost,1,636.5,653.5,,5,1,1
503,estimated,760.4,942.7,lost,1,636.5,653.5,,5,1,1
504,estimated,766.8,966.0,lost,1,636.5,653.5,,5,1,1
505,estimated,773.3,989.4,lost,1,636.5,653.5,,5,1,0
506,estimated,779.8,1012.7,lost,1,636.5,653.5,,5,1,0
507,estimated,786.3,1036.0,lost,1,636.5,653.5,,5,1,2
508,estimated,792.8,1059.3,searching,,636.5,653.5,,5,0,1
509,searching,,,searching,,636.5,653.5,,5,0,2
510,searching,,,searching,,636.5,653.5,,5,0,1
511,searching,,,searching,,636.5,653.5,,5,0,1
512,searching,,,searching,,636.5,653.5,,5,0,1
513,searching,,,searching,,636.5,653.5,,5,0,2
514,searching,,,searching,,636.5,653.5,,5,0,1
515,searching,,,searching,,636.5,653.5,,5,0,1
516,searching,,,searching,,636.5,653.5,,5,0,1
517,searching,,,searching,,636.5,653.5,,5,0,2
518,searching,,,searching,,636.5,653.5,,5,0,1
519,searching,,,searching,,636.5,653.5,,5,0,1
520,searching,,,searching,,636.5,653.5,,5,0,1
521,searching,,,searching,,636.5,653.5,,5,0,1
522,searching,,,searching,,636.5,653.5,,5,0,1
523,searching,,,searching,,636.5,653.5,,5,0,1
524,searching,,,searching,,636.5,653.5,,5,0,1
525,searching,,,searching,,636.5,653.5,,5,0,1
526,searching,,,searching,,636.5,653.5,,5,0,1
527,searching,,,searching,,636.5,653.5,,5,0,0
528,searching,,,searching,,636.5,653.5,,5,0,0
529,searching,,,searching,,636.5,653.5,,5,0,0
530,searching,,,searching,,636.5,653.5,,5,0,1
531,searching,,,searching,,636.5,653.5,,5,0,0
532,searching,,,searching,,636.5,653.5,,5,0,1
533,searching,,,searching,,636.5,653.5,,5,0,1
534,searching,,,searching,,636.5,653.5,,5,0,1
535,searching,,,searching,,636.5,653.5,,5,0,0
536,searching,,,searching,,636.5,653.5,,5,0,1
537,detected,606.0,416.0,searching,,636.5,653.5,,5,0,1
538,detected,606.6,414.3,searching,,636.5,653.5,,5,0,1
539,detected,606.8,412.9,searching,,636.5,653.5,,5,0,1
540,detected,607.0,411.7,searching,,636.5,653.5,,5,0,1
541,detected,607.3,410.1,searching,,636.5,653.5,,5,0,1
542,detected,607.4,408.1,searching,,636.5,653.5,,5,0,1
543,detected,609.4,406.0,searching,,636.5,653.5,,5,0,1
544,detected,621.8,413.3,searching,,636.5,653.5,,5,0,1
545,detected,638.9,423.4,searching,,636.5,653.5,,5,0,1
546,detected,671.0,441.7,searching,,636.5,653.5,,5,0,0
547,estimated,719.7,470.0,searching,,636.5,653.5,,5,0,0
548,estimated,742.7,481.2,searching,,636.5,653.5,,5,0,0
549,detected,770.6,495.6,searching,,636.5,653.5,,5,0,0
550,detected,804.6,511.6,searching,,636.5,653.5,,5,0,0
551,detected,828.4,523.0,searching,,636.5,653.5,,5,0,1
552,detected,847.6,534.1,searching,,636.5,653.5,,5,0,1
553,detected,860.2,540.7,searching,,636.5,653.5,,5,0,2
554,detected,867.8,544.1,searching,,636.5,653.5,,5,0,1
555,detected,872.7,544.3,searching,,636.5,653.5,,5,0,1
556,detected,874.8,542.1,searching,,636.5,653.5,,5,0,2
557,detected,874.8,535.2,searching,,636.5,653.5,,5,0,2
558,detected,873.6,528.9,searching,,636.5,653.5,,5,0,2
559,detected,871.6,521.2,searching,,636.5,653.5,,5,0,1
560,detected,868.5,512.8,searching,,636.5,653.5,,5,0,0
561,detected,867.0,507.2,searching,,636.5,653.5,,5,0,2
562,detected,865.8,502.6,detected,2,737.5,647.5,228.5,5,1,2
563,detected,864.4,499.3,detected,2,733.0,655.5,229.9,5,1,1
564,detected,862.9,497.4,detected,2,732.0,654.5,230.2,5,1,1
565,detected,862.2,497.2,detected,2,730.0,655.5,230.1,5,1,1
566,detected,861.9,498.3,detected,2,730.0,655.5,230.0,5,1,1
567,detected,861.3,500.4,detected,2,728.0,656.5,229.5,5,1,1
568,detected,861.5,502.3,detected,2,727.5,657.0,229.1,5,1,1
569,detected,861.8,506.4,detected,2,726.0,663.5,229.2,5,1,1
570,detected,862.4,510.2,detected,2,726.5,665.0,228.7,5,1,0
571,detected,863.5,515.3,detected,2,726.0,669.0,228.2,5,1,0
572,detected,864.0,521.9,detected,2,724.0,677.0,227.9,5,1,0
573,detected,864.0,527.0,detected,2,724.0,681.0,227.7,5,1,1
574,detected,863.5,532.0,detected,2,722.0,682.0,226.7,5,1,0
575,detected,863.2,536.5,detected,2,720.0,684.5,225.9,5,1,0
576,detected,863.1,541.2,detected,2,720.0,688.0,225.7,5,1,0
577,detected,863.1,546.8,detected,2,718.5,693.5,225.4,5,1,1
578,detected,863.5,550.4,detected,2,718.5,694.0,224.7,5,1,0
579,detected,863.7,553.2,detected,2,717.0,691.0,223.2,5,1,0
580,detected,864.4,554.6,detected,2,719.0,695.0,224.0,5,1,2
581,detected,865.5,554.5,detected,2,718.0,689.5,222.5,5,1,1
582,detected,866.0,554.8,detected,2,716.5,689.5,222.0,5,1,1
583,detected,867.0,555.6,detected,2,716.0,689.5,221.6,5,1,1
584,detected,867.2,556.1,detected,2,717.0,687.5,221.2,5,1,1
585,detected,867.6,556.0,detected,2,714.5,684.0,219.9,5,1,1
586,detected,868.1,555.3,detected,2,714.5,682.0,219.5,5,1,1
587,detected,868.8,555.1,detected,2,714.0,679.5,218.8,5,1,0
588,detected,869.1,554.6,detected,2,714.0,677.5,218.4,5,1,1
589,detected,870.3,554.0,detected,2,714.0,677.0,218.2,5,1,1
590,detected,870.9,554.3,detected,2,714.0,676.0,217.8,5,1,2
591,detected,871.6,556.0,detected,2,713.5,677.0,217.4,5,1,2
592,detected,872.2,560.1,detected,2,713.0,681.0,217.2,5,1,1
593,detected,872.6,563.1,detected,2,713.0,681.0,216.5,5,1,0
594,detected,872.1,567.0,detected,2,710.5,684.5,216.0,5,0,3
595,estimated,871.6,569.0,detected,2,710.5,684.5,215.6,5,0,0
596,detected,872.4,571.3,detected,2,710.0,683.5,214.7,5,0,2
597,detected,873.2,574.6,lost,2,709.0,685.0,,5,0,1
598,detected,873.8,577.1,lost,2,709.0,686.0,,5,0,1
599,detected,874.3,579.8,lost,2,709.0,687.0,,5,0,2
600,detected,874.9,581.6,lost,2,709.0,687.0,,5,0,2
601,detected,875.7,586.1,lost,2,708.5,694.5,,5,0,1
602,detected,876.4,590.0,lost,2,709.0,693.5,,5,0,2
603,detected,876.9,593.0,lost,2,709.0,698.0,,5,0,1
604,detected,877.0,596.0,lost,2,707.0,696.5,,5,0,1
605,detected,876.9,598.1,lost,2,707.0,695.5,,5,0,1
606,detected,877.2,598.6,lost,2,707.0,692.5,,5,0,1
607,detected,877.8,598.3,lost,2,706.5,689.0,,5,0,2
608,detected,878.7,597.9,lost,2,707.0,687.0,,5,0,2
609,detected,879.1,598.4,lost,2,706.5,689.0,,5,0,1
610,detected,879.9,598.5,lost,2,707.0,685.5,,5,0,0
611,detected,881.4,598.2,lost,2,708.5,681.5,,5,0,0
612,detected,882.3,598.1,lost,2,707.5,680.0,,5,0,1
613,detected,882.9,598.8,lost,2,708.0,681.0,,5,0,4
614,detected,883.7,599.7,lost,2,708.5,681.5,,5,0,2
615,detected,884.1,601.0,lost,2,708.0,693.0,,5,0,1
616,detected,884.6,603.5,lost,2,708.0,692.0,,5,0,1
617,detected,885.0,605.5,lost,2,708.0,692.5,,5,0,2
618,detected,885.3,607.5,lost,2,708.5,694.0,,5,0,1
619,detected,886.4,610.5,lost,2,709.0,695.0,,5,0,2
620,detected,887.5,614.5,lost,2,710.0,699.0,,5,0,2
621,detected,888.0,617.5,lost,2,709.5,701.5,,5,0,2
622,detected,888.0,621.7,lost,2,708.0,702.0,,5,0,1
623,detected,887.6,624.7,lost,2,707.0,700.5,,5,0,1
624,detected,887.4,627.4,lost,2,708.5,701.5,,5,0,2
625,detected,887.2,630.7,lost,2,707.5,702.5,,5,0,1
626,detected,887.6,633.3,lost,2,708.5,702.5,,5,0,0
627,detected,887.2,635.9,lost,2,706.5,704.0,,5,0,2
628,detected,886.5,638.0,lost,2,705.5,704.5,,5,0,0
629,detected,886.0,639.5,lost,2,705.0,704.0,,5,0,1
630,detected,885.3,640.0,lost,2,704.0,702.0,,5,0,0
631,detected,880.6,635.5,lost,2,699.4,697.5,,5,0,0
632,detected,871.1,624.2,lost,2,689.8,686.3,,5,0,0
633,estimated,816.6,583.3,lost,2,689.8,686.3,,5,0,0
634,estimated,785.1,564.3,lost,2,689.8,686.3,,5,0,0
635,estimated,752.1,545.6,lost,2,689.8,686.3,,5,0,0
636,estimated,691.5,512.7,lost,2,689.8,686.3,,5,0,0
637,estimated,657.5,499.7,lost,2,689.8,686.3,,5,0,0
638,estimated,598.0,482.2,lost,2,689.8,686.3,,5,0,2
639,estimated,577.0,470.2,searching,,689.8,686.3,,5,0,0
640,detected,531.5,419.5,searching,,689.8,686.3,,5,0,1
641,detected,527.6,416.3,searching,,689.8,686.3,,5,0,1
642,detected,523.3,412.4,searching,,689.8,686.3,,5,0,1
643,detected,521.6,407.2,detected,3,689.0,527.0,324.4,5,1,1
644,detected,524.3,404.8,detected,3,693.0,529.5,323.5,5,1,1
645,detected,528.9,405.2,detected,3,699.0,534.0,322.9,5,1,0
646,detected,537.5,409.1,detected,3,710.5,543.0,322.3,5,1,1
647,detected,544.7,413.3,detected,3,715.0,548.5,321.5,5,1,1
648,detected,553.4,420.4,detected,3,724.5,559.5,320.9,5,1,1
649,detected,560.2,426.4,detected,3,729.0,565.0,320.6,5,1,1
650,detected,566.8,433.5,detected,3,733.5,575.0,319.7,5,1,1
651,detected,571.6,438.0,detected,3,737.0,578.0,319.7,5,1,2
652,detected,576.6,441.7,detected,3,741.0,581.0,319.7,5,1,1
653,detected,580.0,444.6,detected,3,741.0,583.0,319.3,5,1,1
654,detected,583.2,445.3,detected,3,743.0,583.5,319.1,5,1,1
655,detected,585.6,444.7,detected,3,742.0,583.0,318.5,5,1,1
656,detected,587.1,443.3,detected,3,741.5,583.5,317.8,5,1,1
657,detected,588.0,443.7,detected,3,740.5,586.0,317.0,5,1,1
658,detected,588.8,443.1,detected,3,739.0,588.5,315.9,5,1,2
659,detected,588.3,442.0,detected,3,737.0,587.0,315.7,5,1,1
660,detected,588.4,440.3,detected,3,737.0,586.5,315.5,5,1,1
661,detected,590.0,436.1,detected,3,739.0,582.0,315.6,5,1,1
662,detected,592.7,431.8,detected,3,741.0,578.5,315.3,5,1,1
663,detected,595.1,428.7,detected,3,742.0,577.0,314.7,5,1,1
664,detected,597.8,426.3,detected,3,744.5,577.5,314.1,5,1,1
665,detected,600.7,423.9,detected,3,744.5,576.0,313.4,5,1,2
666,detected,602.6,422.0,detected,3,745.0,575.5,312.8,5,1,2
667,detected,605.0,419.0,detected,3,745.0,574.5,312.0,5,1,1
668,detected,606.1,417.8,detected,3,743.5,575.0,311.1,5,1,1
669,detected,606.3,416.9,detected,3,742.5,575.5,310.7,5,1,1
670,detected,605.9,415.2,detected,3,739.5,575.5,309.8,5,1,1
671,detected,605.7,413.8,detected,3,739.0,575.5,309.5,5,1,1
672,detected,606.8,410.9,detected,3,739.0,572.5,309.3,5,1,1
673,detected,608.7,409.4,detected,3,740.5,572.0,309.0,5,1,2
674,detected,611.1,408.2,detected,3,741.5,573.5,308.3,5,1,1
675,detected,613.5,407.4,detected,3,743.0,574.0,307.9,5,1,1
676,detected,615.5,407.5,detected,3,743.0,574.5,307.4,5,1,1
677,estimated,619.4,407.8,detected,3,743.0,574.5,306.5,5,1,1
678,detected,620.5,407.6,detected,3,745.0,576.5,306.4,5,1,1
679,detected,623.0,407.6,detected,3,745.5,578.5,305.6,5,1,1
680,detected,625.5,407.5,detected,3,747.0,580.5,305.1,5,1,1
681,detected,627.5,408.3,detected,3,747.5,582.5,304.6,5,1,1
682,detected,630.3,410.4,detected,3,749.0,586.5,304.0,5,1,1
683,detected,631.9,412.0,detected,3,749.0,588.5,303.6,5,1,2
684,estimated,634.4,413.4,detected,3,749.0,588.5,303.2,5,1,1
685,detected,636.0,413.4,detected,3,749.0,590.5,302.6,5,1,1
686,estimated,639.4,415.7,detected,3,749.0,590.5,302.1,5,1,1
687,detected,640.5,414.1,detected,3,749.5,592.0,301.5,5,1,1
688,estimated,644.0,416.3,detected,3,749.5,592.0,301.0,5,1,1
689,estimated,647.4,418.6,detected,3,749.5,592.0,300.5,5,1,1
690,estimated,650.9,420.9,lost,3,749.5,592.0,,5,1,1
691,detected,650.2,415.9,detected,3,751.5,594.0,299.6,5,1,1
692,detected,650.4,413.0,detected,3,751.0,594.5,299.0,5,1,1
693,detected,650.9,411.5,detected,3,750.0,596.0,298.2,5,1,2
694,detected,651.2,410.7,detected,3,749.0,596.0,297.8,5,1,1
695,estimated,654.7,413.0,detected,3,749.0,596.0,297.3,5,1,1
696,detected,653.9,411.5,detected,3,747.0,598.0,296.5,5,1,1
697,estimated,657.3,413.8,detected,3,747.0,598.0,296.0,5,1,2
698,estimated,660.8,416.0,detected,3,747.0,598.0,295.3,5,1,1
699,detected,659.1,412.9,detected,3,747.0,599.5,295.2,5,1,2
700,detected,659.3,410.4,detected,3,747.0,599.5,294.9,5,1,1
701,detected,660.2,409.4,detected,3,747.0,600.5,294.4,5,1,3
702,detected,662.1,408.4,detected,3,748.5,601.0,294.2,5,1,1
703,detected,664.6,407.5,detected,3,748.5,601.0,293.4,5,1,1
704,detected,666.6,406.7,detected,3,749.5,601.0,293.1,5,1,1
705,detected,669.5,406.1,detected,3,751.5,600.5,292.9,5,1,0
706,detected,672.5,406.1,detected,3,752.0,601.0,292.2,5,1,1
707,detected,676.0,405.8,detected,3,755.0,602.0,291.9,5,1,0
708,detected,678.8,405.9,detected,3,756.0,602.5,291.4,5,0,0
709,detected,681.1,405.9,detected,3,757.0,603.0,291.1,5,0,0
710,detected,684.3,406.2,lost,3,758.0,604.5,,5,0,1
711,detected,687.7,407.2,lost,3,760.0,607.0,,5,0,0
712,estimated,678.3,453.2,lost,3,760.0,607.0,,5,0,2
713,detected,674.9,473.6,lost,3,736.0,621.5,,5,0,1
714,estimated,659.8,516.1,lost,3,736.0,621.5,,5,0,1
715,estimated,649.2,578.5,lost,3,736.0,621.5,,5,0,1
716,estimated,618.2,630.5,lost,3,736.0,621.5,,5,0,1
717,estimated,609.2,649.5,lost,3,736.0,621.5,,5,0,0
718,estimated,597.3,673.0,lost,3,736.0,621.5,,5,0,0
719,estimated,593.8,681.0,lost,3,736.0,621.5,,5,0,0
720,estimated,580.8,697.4,lost,3,736.0,621.5,,5,0,1
721,estimated,576.1,704.9,lost,3,736.0,621.5,,5,0,1
722,estimated,572.2,710.6,lost,3,736.0,621.5,,5,0,2
723,estimated,572.1,718.4,lost,3,736.0,621.5,,5,0,0
724,detected,558.1,735.9,detected,3,636.5,599.0,60.2,5,1,3
725,estimated,561.8,728.6,detected,3,636.5,599.0,60.0,5,1,0
726,estimated,561.8,724.6,detected,3,636.5,599.0,59.3,5,1,3
727,estimated,560.1,721.5,lost,3,636.5,599.0,,5,1,1
728,estimated,558.4,715.7,lost,3,636.5,599.0,,5,1,0
729,detected,551.5,722.2,detected,3,645.5,582.5,56.1,5,1,2
730,estimated,551.2,713.3,detected,3,645.5,582.5,54.2,5,1,1
731,estimated,549.5,712.1,detected,3,645.5,582.5,53.5,5,1,1
732,estimated,550.0,712.1,lost,3,645.5,582.5,,5,1,2
733,detected,548.8,714.6,detected,3,656.0,576.5,52.2,5,1,1
734,detected,548.4,716.0,detected,3,657.0,577.0,52.0,5,1,2
735,estimated,547.0,717.6,detected,3,657.0,577.0,51.9,5,1,1
736,estimated,546.3,717.2,detected,3,657.0,577.0,51.7,5,1,1
737,detected,545.2,717.4,detected,3,658.0,580.0,50.6,5,1,3
738,estimated,543.2,716.8,detected,3,658.0,580.0,50.0,5,1,0
739,estimated,539.2,715.3,detected,3,658.0,580.0,48.7,5,1,0
740,detected,537.8,713.6,detected,3,655.5,577.0,49.3,5,1,1
741,estimated,537.0,711.0,detected,3,655.5,577.0,48.5,5,1,2
742,detected,535.5,707.7,detected,3,656.5,572.0,48.3,5,1,0
743,detected,534.5,705.1,detected,3,657.0,570.0,47.8,5,1,1
744,estimated,532.5,703.4,detected,3,657.0,570.0,47.0,5,1,1
745,estimated,528.4,700.2,detected,3,657.0,570.0,45.4,5,1,1
746,estimated,526.4,698.6,lost,3,657.0,570.0,,5,1,0
747,estimated,523.0,696.6,lost,3,657.0,570.0,,5,1,2
748,detected,523.5,694.3,detected,3,655.0,565.5,44.4,5,1,0
749,estimated,522.9,694.3,detected,3,655.0,565.5,44.3,5,1,1
750,estimated,520.4,693.2,detected,3,655.0,565.5,43.5,5,1,0
751,detected,520.2,690.3,detected,3,655.5,564.0,43.0,5,1,0
752,detected,519.6,687.2,detected,3,655.5,562.0,42.7,5,1,1
753,detected,519.0,684.9,detected,3,655.5,561.0,42.2,5,1,0
754,detected,518.0,682.4,detected,3,656.5,560.0,41.5,5,1,1
755,detected,516.5,681.0,detected,3,655.5,560.0,41.0,5,1,0
756,detected,514.1,679.2,detected,3,653.5,559.0,40.8,5,1,0
757,detected,511.9,677.4,detected,3,653.0,558.0,40.2,5,1,1
758,detected,509.7,675.4,detected,3,652.0,558.0,39.5,5,1,1
759,detected,508.5,674.4,detected,3,653.0,558.0,38.8,5,1,2
760,detected,507.7,672.9,detected,3,654.0,558.0,38.2,5,1,0
761,estimated,507.2,671.7,detected,3,654.0,558.0,37.8,5,1,1
762,detected,507.6,669.9,detected,3,657.5,558.0,36.7,5,1,2
763,detected,508.1,668.2,detected,3,659.5,556.5,36.4,5,1,1
764,detected,508.0,666.8,detected,3,660.5,556.5,35.9,5,1,0
765,detected,507.8,665.2,detected,3,661.5,556.0,35.4,5,1,1
766,detected,506.9,663.3,detected,3,661.0,555.5,35.0,5,1,0
767,detected,506.2,661.9,detected,3,660.5,554.5,34.8,5,1,1
768,detected,505.1,660.0,detected,3,661.0,554.0,34.2,5,1,2
769,detected,504.3,658.0,detected,3,661.5,553.5,33.6,5,1,2
770,detected,504.0,655.8,detected,3,663.5,552.0,33.0,5,1,0
771,detected,504.0,653.9,detected,3,663.5,551.5,32.7,5,1,1
772,detected,503.7,651.2,detected,3,665.0,550.0,32.1,5,1,1
773,detected,503.4,649.1,detected,3,665.5,549.0,31.7,5,1,0
774,detected,502.4,646.5,detected,3,665.0,548.0,31.2,5,1,0
775,detected,500.9,644.0,detected,3,663.5,546.5,30.9,5,1,0
776,detected,499.4,642.0,detected,3,663.5,546.0,30.3,5,1,0
777,detected,497.9,639.3,detected,3,663.5,544.0,29.9,5,1,0
778,detected,496.8,637.4,detected,3,663.5,544.0,29.3,5,1,1
779,detected,496.0,636.0,detected,3,664.0,545.5,28.3,5,1,0
780,estimated,494.5,637.0,detected,3,664.0,545.5,28.4,5,1,0
781,detected,493.2,638.5,detected,3,663.5,553.5,26.5,5,1,1
782,detected,492.2,639.5,detected,3,663.0,555.5,26.2,5,1,0
783,detected,490.1,640.0,detected,3,661.5,557.0,25.8,5,1,1
784,detected,488.8,639.8,detected,3,661.0,556.0,25.9,5,1,1
785,estimated,487.7,635.0,detected,3,661.0,556.0,24.5,5,1,0
786,estimated,487.7,632.4,detected,3,661.0,556.0,23.8,5,1,0
787,detected,487.7,631.0,detected,3,664.5,550.5,24.5,5,1,1
788,detected,486.6,629.0,detected,3,665.5,550.5,23.7,5,1,0
789,detected,486.0,627.2,detected,3,665.5,550.5,23.2,5,0,0
790,detected,486.5,625.4,detected,3,666.0,548.6,23.2,5,0,0
791,detected,486.5,623.7,lost,3,665.9,547.0,,5,0,0
792,detected,486.2,622.8,lost,3,665.6,546.1,,5,0,0
793,detected,485.8,621.9,lost,3,665.3,545.2,,5,0,0
794,detected,485.1,621.0,lost,3,664.6,544.2,,5,0,0
795,detected,483.5,620.5,lost,3,663.0,543.7,,5,0,0
796,detected,482.3,620.5,lost,3,661.7,543.8,,5,0,0
