t,theta,omega
0,0.352455,1.76573
0.0166667,0.381884,1.71222
0.0333333,0.410421,1.7155
0.05,0.439013,1.71181
0.0666667,0.467543,1.78498
0.0833333,0.497292,1.82642
0.1,0.527733,1.74685
0.116667,0.556847,1.80382
0.133333,0.586911,1.87319
0.15,0.61813,1.59878
0.166667,0.644777,1.87193
0.183333,0.675976,1.86726
0.2,0.707097,1.80037
0.216667,0.737103,1.83063
0.233333,0.767613,1.8112
0.25,0.7978,1.85382
0.266667,0.828697,1.81206
0.283333,0.858898,1.9533
0.3,0.891453,1.76288
0.316667,0.920834,2.00599
0.333333,0.954267,1.79211
0.35,0.984136,1.85207
0.366667,1.015,1.89618
0.383333,1.04661,1.87334
0.4,1.07783,1.93911
0.416667,1.11015,1.83176
0.433333,1.14068,1.99113
0.45,1.17386,1.87113
0.466667,1.20505,1.92855
0.483333,1.23719,1.81699
0.5,1.26747,1.86341
0.516667,1.29853,1.9577
0.533333,1.33116,1.82623
0.55,1.3616,1.93814
0.566667,1.3939,1.93711
0.583333,1.42618,1.81864
0.6,1.45649,1.88731
0.616667,1.48795,1.90567
0.633333,1.51971,1.90373
0.65,1.55144,1.91721
0.666667,1.58339,1.89997
0.683333,1.61506,1.75544
0.7,1.64432,1.90401
0.716667,1.67605,1.91447
0.733333,1.70796,1.84533
0.75,1.73871,1.91038
0.766667,1.77055,1.81372
0.783333,1.80078,1.83404
0.8,1.83135,1.81921
0.816667,1.86167,1.81935
0.833333,1.89199,1.85933
0.85,1.92298,1.76207
0.866667,1.95235,1.77093
0.883333,1.98186,1.82215
0.9,2.01223,1.76591
0.916667,2.04166,1.89918
0.933333,2.07332,1.7582
0.95,2.10262,1.69629
0.966667,2.13089,1.82703
0.983333,2.16134,1.76355
1,2.19074,1.78375
1.01667,2.22046,1.59765
1.03333,2.24709,1.77331
1.05,2.27665,1.70895
1.06667,2.30513,1.61367
1.08333,2.33202,1.76862
1.1,2.3615,1.54557
1.11667,2.38726,1.61293
1.13333,2.41414,1.63712
1.15,2.44143,1.70422
1.16667,2.46983,1.54371
1.18333,2.49556,1.63947
1.2,2.52289,1.59724
1.21667,2.54951,1.61878
1.23333,2.57649,1.46176
1.25,2.60085,1.56612
1.26667,2.62695,1.52711
1.28333,2.6524,1.47731
1.3,2.67702,1.5278
1.31667,2.70249,1.52802
1.33333,2.72795,1.44574
1.35,2.75205,1.46256
1.36667,2.77643,1.44403
1.38333,2.80049,1.44567
1.4,2.82459,1.44221
1.41667,2.84862,1.26893
1.43333,2.86977,1.42016
1.45,2.89344,1.36602
1.46667,2.91621,1.40572
1.48333,2.93964,1.29799
1.5,2.96127,1.30374
1.51667,2.983,1.30371
1.53333,3.00473,1.34351
1.55,3.02712,1.19866
1.56667,3.0471,1.27835
1.58333,3.0684,1.36869
1.6,3.09122,1.16783
1.61667,3.11068,1.27231
1.63333,3.13189,1.09031
1.65,3.15006,1.17847
1.66667,3.1697,1.26225
1.68333,3.19074,1.09222
1.7,3.20894,1.16522
1.71667,3.22836,1.08087
1.73333,3.24637,1.09817
1.75,3.26468,1.09353
1.76667,3.2829,1.11344
1.78333,3.30146,1.10053
1.8,3.3198,1.07651
1.81667,3.33774,1.08043
1.83333,3.35575,0.961209
1.85,3.37177,1.13195
1.86667,3.39064,0.967291
1.88333,3.40676,0.972362
1.9,3.42296,1.02247
1.91667,3.44001,1.05229
1.93333,3.45754,0.971482
1.95,3.47373,0.810108
1.96667,3.48724,1.07888
1.98333,3.50522,0.78629
2,3.51832,1.10529
2.01667,3.53674,0.865469
2.03333,3.55117,0.880324
2.05,3.56584,0.949872
2.06667,3.58167,0.898541
2.08333,3.59665,0.792563
2.1,3.60986,0.853497
2.11667,3.62408,0.962204
2.13333,3.64012,0.840856
2.15,3.65413,0.905711
2.16667,3.66923,0.728944
2.18333,3.68138,0.840308
2.2,3.69538,0.902375
2.21667,3.71042,0.817823
2.23333,3.72405,0.882951
2.25,3.73877,0.826512
2.26667,3.75254,0.778444
2.28333,3.76552,0.754628
2.3,3.77809,0.767376
2.31667,3.79088,0.917931
2.33333,3.80618,0.766724
2.35,3.81896,0.756171
2.36667,3.83156,0.768367
2.38333,3.84437,0.91336
2.4,3.85959,0.767635
2.41667,3.87239,0.827936
2.43333,3.88619,0.771183
2.45,3.89904,0.777293
2.46667,3.91199,0.771835
2.48333,3.92486,0.771877
2.5,3.93772,0.771664
2.51667,3.95058,0.994565
2.53333,3.96716,0.769099
2.55,3.97998,0.764088
2.56667,3.99271,0.771434
2.58333,4.00557,0.883467
2.6,4.02029,0.858312
2.61667,4.0346,0.766819
2.63333,4.04738,0.826707
2.65,4.06116,0.861356
2.66667,4.07551,0.913781
2.68333,4.09074,0.75954
2.7,4.1034,0.865176
2.71667,4.11782,0.993523
2.73333,4.13438,0.802222
2.75,4.14775,0.809614
2.76667,4.16125,0.939847
2.78333,4.17691,0.904672
2.8,4.19199,0.950811
2.81667,4.20783,0.822145
2.83333,4.22154,0.83304
2.85,4.23542,0.932464
2.86667,4.25096,1.10063
2.88333,4.26931,0.88738
2.9,4.2841,0.912289
2.91667,4.2993,1.05907
2.93333,4.31695,1.03864
2.95,4.33426,1.00461
2.96667,4.35101,0.86624
2.98333,4.36544,1.11423
3,4.38401,1.03405
3.01667,4.40125,1.01383
3.03333,4.41814,0.983026
3.05,4.43453,1.14568
3.06667,4.45362,1.1079
3.08333,4.47209,1.13958
3.1,4.49108,0.956513
3.11667,4.50702,1.29198
3.13333,4.52856,1.14539
3.15,4.54765,1.04326
3.16667,4.56503,1.25513
3.18333,4.58595,1.09585
3.2,4.60422,1.19726
3.21667,4.62417,1.24332
3.23333,4.64489,1.29393
3.25,4.66646,1.19867
3.26667,4.68644,1.22535
3.28333,4.70686,1.18762
3.3,4.72665,1.41145
3.31667,4.75018,1.23554
3.33333,4.77077,1.36242
3.35,4.79348,1.24457
3.36667,4.81422,1.35074
3.38333,4.83673,1.36651
3.4,4.85951,1.39454
3.41667,4.88275,1.41876
3.43333,4.9064,1.36966
3.45,4.92922,1.4202
3.46667,4.95289,1.3609
3.48333,4.97557,1.47079
3.5,5.00009,1.57474
3.51667,5.02633,1.44642
3.53333,5.05044,1.44058
3.55,5.07445,1.4655
3.56667,5.09887,1.67861
3.58333,5.12685,1.43392
3.6,5.15075,1.57508
3.61667,5.177,1.5644
3.63333,5.20308,1.65054
3.65,5.23058,1.58881
3.66667,5.25706,1.58257
3.68333,5.28344,1.56255
3.7,5.30948,1.65434
3.71667,5.33706,1.6629
3.73333,5.36477,1.66133
3.75,5.39246,1.65159
3.76667,5.41999,1.71115
3.78333,5.4485,1.70535
3.8,5.47693,1.70262
3.81667,5.5053,1.78507
3.83333,5.53506,1.63583
3.85,5.56232,1.78201
3.86667,5.59202,1.77514
3.88333,5.62161,1.66532
3.9,5.64936,1.90909
3.91667,5.68118,1.80349
3.93333,5.71124,1.76226
3.95,5.74061,1.7677
3.96667,5.77007,1.84775
3.98333,5.80087,1.78556
4,5.83062,1.8801
4.01667,5.86196,1.77181
4.03333,5.89149,1.92863
4.05,5.92363,1.77644
4.06667,5.95324,1.84524
4.08333,5.984,1.83513
4.1,6.01458,1.79842
4.11667,6.04455,1.96641
4.13333,6.07733,1.81986
4.15,6.10766,1.964
4.16667,6.14039,1.90982
4.18333,6.17222,1.76944
4.2,6.20171,1.94663
4.21667,6.23416,1.91763
4.23333,6.26612,1.911
4.25,6.29797,1.90065
4.26667,6.32965,1.97355
4.28333,6.36254,1.84252
4.3,6.39325,1.85722
4.31667,6.4242,1.91797
4.33333,6.45617,1.95367
4.35,6.48873,1.793
4.36667,6.51861,1.93553
4.38333,6.55087,1.89794
4.4,6.5825,1.98579
4.41667,6.6156,1.8674
4.43333,6.64672,1.76348
4.45,6.67611,1.93936
4.46667,6.70844,1.91493
4.48333,6.74035,1.8441
4.5,6.77109,1.91893
4.51667,6.80307,1.89749
4.53333,6.83469,1.85185
4.55,6.86556,1.9071
4.56667,6.89734,1.82473
4.58333,6.92776,1.88545
4.6,6.95918,1.8576
4.61667,6.99014,1.81201
4.63333,7.02034,1.84607
4.65,7.05111,1.84048
4.66667,7.08178,1.83099
4.68333,7.1123,1.81354
4.7,7.14252,1.7784
4.71667,7.17216,1.71114
4.73333,7.20068,1.88923
4.75,7.23217,1.75014
4.76667,7.26134,1.7391
4.78333,7.29032,1.69222
4.8,7.31853,1.79205
4.81667,7.3484,1.72121
4.83333,7.37708,1.75317
4.85,7.4063,1.67412
4.86667,7.4342,1.64104
4.88333,7.46155,1.72037
4.9,7.49023,1.62434
4.91667,7.5173,1.72428
4.93333,7.54604,1.6218
4.95,7.57307,1.66027
4.96667,7.60074,1.53412
4.98333,7.62631,1.67877
5,7.65429,1.52219
5.01667,7.67966,1.67559
5.03333,7.70758,1.48291
5.05,7.7323,1.65042
5.06667,7.75981,1.50091
5.08333,7.78482,1.51114
5.1,7.81001,1.44789
5.11667,7.83414,1.5229
5.13333,7.85952,1.50565
5.15,7.88461,1.50312
5.16667,7.90967,1.38452
5.18333,7.93274,1.50108
5.2,7.95776,1.32081
5.21667,7.97977,1.41481
5.23333,8.00335,1.35276
5.25,8.0259,1.41205
5.26667,8.04943,1.34545
5.28333,8.07186,1.42942
5.3,8.09568,1.25343
5.31667,8.11657,1.38439
5.33333,8.13964,1.32391
5.35,8.16171,1.26763
5.36667,8.18284,1.18667
5.38333,8.20261,1.25619
5.4,8.22355,1.15258
5.41667,8.24276,1.33853
5.43333,8.26507,1.21569
5.45,8.28533,1.12292
5.46667,8.30405,1.22852
5.48333,8.32452,1.11039
5.5,8.34303,1.19736
5.51667,8.36298,1.15668
5.53333,8.38226,1.13309
5.55,8.40115,1.10165
5.56667,8.41951,1.10283
5.58333,8.43789,1.10563
5.6,8.45632,1.05727
5.61667,8.47394,1.03515
5.63333,8.49119,0.98282
5.65,8.50757,1.05509
5.66667,8.52515,1.08354
5.68333,8.54321,0.985883
5.7,8.55964,0.964568
5.71667,8.57572,1.02709
5.73333,8.59284,0.959301
5.75,8.60883,0.971329
5.76667,8.62502,0.899596
5.78333,8.64001,1.01181
5.8,8.65687,0.956515
5.81667,8.67281,0.908151
5.83333,8.68795,0.93207
5.85,8.70349,0.835041
5.86667,8.7174,0.849359
5.88333,8.73156,0.928582
5.9,8.74703,0.845337
5.91667,8.76112,0.884803
5.93333,8.77587,0.840942
5.95,8.78989,0.892607
5.96667,8.80476,0.811123
5.98333,8.81828,0.858434
6,8.83259,0.80101
6.01667,8.84594,0.801094
6.03333,8.85929,0.945813
6.05,8.87505,0.795394
6.06667,8.88831,0.829695
6.08333,8.90214,0.801593
6.1,8.9155,0.761616
6.11667,8.92819,0.867398
6.13333,8.94265,0.763603
6.15,8.95538,0.792335
6.16667,8.96858,0.911172
6.18333,8.98377,0.727614
6.2,8.99589,0.716847
6.21667,9.00784,0.980188
6.23333,9.02418,0.716197
6.25,9.03612,0.697493
6.26667,9.04774,0.829336
6.28333,9.06156,0.79268
6.3,9.07477,0.836562
6.31667,9.08872,0.894844
6.33333,9.10363,0.676164
6.35,9.1149,0.92494
6.36667,9.13032,0.749351
6.38333,9.1428,0.761185
6.4,9.15549,0.803168
6.41667,9.16888,0.883704
6.43333,9.18361,0.824811
6.45,9.19735,0.809415
6.46667,9.21084,0.86225
6.48333,9.22521,0.817204
6.5,9.23883,0.858323
6.51667,9.25314,0.927237
6.53333,9.26859,0.827085
6.55,9.28238,0.864096
6.56667,9.29678,0.921794
6.58333,9.31214,0.805606
6.6,9.32557,0.982205
6.61667,9.34194,0.798019
6.63333,9.35524,0.949834
6.65,9.37107,0.98464
6.66667,9.38748,0.917162
6.68333,9.40277,0.93815
6.7,9.4184,0.962134
6.71667,9.43444,0.997999
6.73333,9.45107,0.91541
6.75,9.46633,0.930096
6.76667,9.48183,0.990626
6.78333,9.49834,1.08655
6.8,9.51645,0.976642
6.81667,9.53273,1.09795
6.83333,9.55103,0.971961
6.85,9.56723,1.03131
6.86667,9.58441,1.15439
6.88333,9.60365,1.08081
6.9,9.62167,1.12475
6.91667,9.64041,1.09378
6.93333,9.65864,1.15647
6.95,9.67792,1.09302
6.96667,9.69613,1.13963
6.98333,9.71513,1.14129
7,9.73415,1.16244
7.01667,9.75352,1.30816
7.03333,9.77533,1.20093
7.05,9.79534,1.18006
7.06667,9.81501,1.36407
7.08333,9.83774,1.21813
7.1,9.85805,1.25213
7.11667,9.87891,1.22351
7.13333,9.89931,1.21533
7.15,9.91956,1.42094
7.16667,9.94324,1.25873
7.18333,9.96422,1.46422
7.2,9.98863,1.35746
7.21667,10.0113,1.4457
7.23333,10.0353,1.31801
7.25,10.0573,1.41393
7.26667,10.0809,1.32386
7.28333,10.1029,1.49356
7.3,10.1278,1.4512
7.31667,10.152,1.45337
7.33333,10.1762,1.54207
7.35,10.2019,1.54412
7.36667,10.2277,1.45971
7.38333,10.252,1.55215
7.4,10.2779,1.56707
7.41667,10.304,1.53783
7.43333,10.3296,1.55278
7.45,10.3555,1.56117
7.46667,10.3815,1.66886
7.48333,10.4093,1.56113
7.5,10.4354,1.58357
7.51667,10.4618,1.77722
7.53333,10.4914,1.53398
7.55,10.5169,1.68448
7.56667,10.545,1.64968
7.58333,10.5725,1.77196
7.6,10.602,1.60211
7.61667,10.6287,1.74686
7.63333,10.6579,1.72804
7.65,10.6867,1.72703
7.66667,10.7154,1.86202
7.68333,10.7465,1.6726
7.7,10.7744,1.80301
7.71667,10.8044,1.7881
7.73333,10.8342,1.81032
7.75,10.8644,1.80528
7.76667,10.8945,1.77451
7.78333,10.924,1.75686
7.8,10.9533,1.77403
7.81667,10.9829,1.93418
7.83333,11.0151,1.73942
7.85,11.0441,1.97463
7.86667,11.077,1.75918
7.88333,11.1063,1.89505
7.9,11.1379,1.84101
7.91667,11.1686,1.80271
7.93333,11.1987,1.96868
7.95,11.2315,1.83224
7.96667,11.262,1.84343
7.98333,11.2927,1.98024
8,11.3257,1.93844
8.01667,11.358,1.76107
8.03333,11.3874,1.94104
8.05,11.4197,1.9307
8.06667,11.4519,1.84334
8.08333,11.4826,1.90904
8.1,11.5145,1.90151
8.11667,11.5462,1.92413
8.13333,11.5782,1.89447
8.15,11.6098,1.96422
8.16667,11.6425,1.95719
8.18333,11.6752,1.75613
8.2,11.7044,1.95719
8.21667,11.737,1.96239
8.23333,11.7697,1.91298
8.25,11.8016,1.86965
8.26667,11.8328,1.81367
8.28333,11.863,1.96815
8.3,11.8958,1.92217
8.31667,11.9279,1.83997
8.33333,11.9585,1.81628
8.35,11.9888,1.87714
8.36667,12.0201,1.88442
8.38333,12.0515,1.93759
8.4,12.0838,1.81512
8.41667,12.114,1.89977
8.43333,12.1457,1.71747
8.45,12.1743,1.94841
8.46667,12.2068,1.79072
8.48333,12.2366,1.81627
8.5,12.2669,1.69894
8.51667,12.2952,1.82111
8.53333,12.3256,1.82494
8.55,12.356,1.85081
8.56667,12.3868,1.77654
8.58333,12.4164,1.64699
8.6,12.4439,1.80847
8.61667,12.474,1.77797
8.63333,12.5037,1.63975
8.65,12.531,1.80681
8.66667,12.5611,1.64655
8.68333,12.5886,1.72628
8.7,12.6173,1.69295
8.71667,12.6455,1.63446
8.73333,12.6728,1.64804
8.75,12.7003,1.66849
8.76667,12.7281,1.67364
8.78333,12.756,1.62713
8.8,12.7831,1.5747
8.81667,12.8093,1.52544
8.83333,12.8347,1.60122
8.85,12.8614,1.56796
8.86667,12.8876,1.59539
8.88333,12.9142,1.43047
8.9,12.938,1.59096
8.91667,12.9645,1.52559
8.93333,12.9899,1.46603
8.95,13.0144,1.52046
8.96667,13.0397,1.434
8.98333,13.0636,1.41684
9,13.0872,1.34881
9.01667,13.1097,1.48409
9.03333,13.1344,1.50953
9.05,13.1596,1.24216
9.06667,13.1803,1.4213
9.08333,13.204,1.32385
9.1,13.2261,1.37775
9.11667,13.249,1.20615
9.13333,13.2691,1.48104
9.15,13.2938,1.26692
9.16667,13.3149,1.24248
9.18333,13.3356,1.24218
9.2,13.3563,1.21837
9.21667,13.3766,1.30178
9.23333,13.3983,1.24973
9.25,13.4192,1.02838
9.26667,13.4363,1.29966
9.28333,13.458,1.18361
9.3,13.4777,1.26916
9.31667,13.4988,1.03246
9.33333,13.5161,1.13327
9.35,13.5349,1.15448
9.36667,13.5542,1.06733
9.38333,13.572,1.15392
9.4,13.5912,0.982494
9.41667,13.6076,1.06385
9.43333,13.6253,1.08512
9.45,13.6434,1.09034
9.46667,13.6616,0.936868
9.48333,13.6772,1.07223
9.5,13.695,1.05898
9.51667,13.7127,0.875151
9.53333,13.7273,1.00448
9.55,13.744,0.958407
9.56667,13.76,0.932475
9.58333,13.7755,1.05065
9.6,13.7931,0.891324
9.61667,13.8079,0.850256
9.63333,13.8221,1.0351
9.65,13.8393,0.784707
9.66667,13.8524,1.03678
9.68333,13.8697,0.853844
9.7,13.8839,0.842829
9.71667,13.898,0.87282
9.73333,13.9125,0.900649
9.75,13.9275,0.870645
9.76667,13.942,0.820654
9.78333,13.9557,0.856052
9.8,13.97,0.799628
9.81667,13.9833,0.836733
9.83333,13.9973,0.790417
9.85,14.0104,0.879455
9.86667,14.0251,0.760989
9.88333,14.0378,0.871852
9.9,14.0523,0.77379
9.91667,14.0652,0.846006
9.93333,14.0793,0.805122
9.95,14.0927,0.826785
9.96667,14.1065,0.793858
9.98333,14.1197,0.839337
10,14.1337,0.796126
10.0167,14.147,0.838633
10.0333,14.161,0.662686
10.05,14.172,0.858426
10.0667,14.1863,0.794268
10.0833,14.1995,0.83663
10.1,14.2135,0.784068
10.1167,14.2266,0.864217
10.1333,14.241,0.755488
10.15,14.2536,0.85492
10.1667,14.2678,0.707468
10.1833,14.2796,0.803156
10.2,14.293,0.820035
10.2167,14.3066,0.797903
10.2333,14.3199,0.917088
10.25,14.3352,0.777184
10.2667,14.3482,0.834081
10.2833,14.3621,0.809878
10.3,14.3756,0.90931
10.3167,14.3907,0.768971
10.3333,14.4036,0.917036
10.35,14.4188,0.984905
10.3667,14.4353,0.815974
10.3833,14.4489,0.869424
10.4,14.4633,0.93107
10.4167,14.4789,0.82002
10.4333,14.4925,0.968546
10.45,14.5087,0.951624
10.4667,14.5245,0.804652
10.4833,14.5379,1.08021
10.5,14.5559,0.921581
10.5167,14.5713,0.867597
10.5333,14.5858,1.05693
10.55,14.6034,0.911977
10.5667,14.6186,1.0866
10.5833,14.6367,0.944821
10.6,14.6524,0.985871
10.6167,14.6689,1.07423
10.6333,14.6868,0.945614
10.65,14.7025,1.13537
10.6667,14.7215,1.02765
10.6833,14.7386,1.08573
10.7,14.7567,1.06152
10.7167,14.7744,1.16222
10.7333,14.7937,1.10708
10.75,14.8122,1.13254
10.7667,14.8311,1.15755
10.7833,14.8504,1.17511
10.8,14.8699,1.14685
10.8167,14.8891,1.16862
10.8333,14.9085,1.20299
10.85,14.9286,1.26136
10.8667,14.9496,1.27699
10.8833,14.9709,1.11419
10.9,14.9895,1.32866
10.9167,15.0116,1.3408
10.9333,15.034,1.26192
10.95,15.055,1.34018
10.9667,15.0773,1.34324
10.9833,15.0997,1.32642
11,15.1218,1.25805
11.0167,15.1428,1.46995
11.0333,15.1673,1.37254
11.05,15.1902,1.34819
11.0667,15.2126,1.47121
11.0833,15.2371,1.33003
11.1,15.2593,1.48589
11.1167,15.2841,1.47735
11.1333,15.3087,1.44569
11.15,15.3328,1.50727
11.1667,15.3579,1.60144
11.1833,15.3846,1.39955
11.2,15.4079,1.50883
11.2167,15.4331,1.60113
11.2333,15.4598,1.50289
11.25,15.4848,1.51348
11.2667,15.51,1.67194
11.2833,15.5379,1.65541
11.3,15.5655,1.5608
11.3167,15.5915,1.62062
11.3333,15.6185,1.64055
11.35,15.6459,1.63142
11.3667,15.6731,1.75966
11.3833,15.7024,1.64144
11.4,15.7297,1.64084
11.4167,15.7571,1.73575
11.4333,15.786,1.62816
11.45,15.8131,1.85059
11.4667,15.844,1.77233
11.4833,15.8735,1.66009
11.5,15.9012,1.7945
11.5167,15.9311,1.693
11.5333,15.9593,1.80345
11.55,15.9894,1.72477
11.5667,16.0181,1.8642
11.5833,16.0492,1.80347
11.6,16.0793,1.88964
11.6167,16.1107,1.77113
11.6333,16.1403,1.78418
11.65,16.17,1.94051
11.6667,16.2023,1.81946
11.6833,16.2327,1.77533
11.7,16.2623,1.89695
11.7167,16.2939,1.84434
11.7333,16.3246,1.83553
11.75,16.3552,1.91249
11.7667,16.3871,1.80394
11.7833,16.4171,2.00085
11.8,16.4505,1.82212
11.8167,16.4809,1.79372
11.8333,16.5108,1.92065
11.85,16.5428,2.01948
11.8667,16.5764,1.8782
11.8833,16.6077,1.86472
11.9,16.6388,1.86392
11.9167,16.6699,1.9644
11.9333,16.7026,1.8012
11.95,16.7326,1.92075
11.9667,16.7646,1.98847
11.9833,16.7978,1.81195
12,16.828,1.90985
12.0167,16.8598,1.91496
12.0333,16.8917,1.96969
12.05,16.9246,1.84572
12.0667,16.9553,1.87909
12.0833,16.9866,1.83679
12.1,17.0173,1.97146
12.1167,17.0501,1.81543
12.1333,17.0804,1.97132
12.15,17.1132,1.79511
12.1667,17.1431,1.87126
12.1833,17.1743,1.84965
12.2,17.2052,1.84928
12.2167,17.236,1.81283
12.2333,17.2662,1.93793
12.25,17.2985,1.74194
12.2667,17.3275,1.97078
12.2833,17.3604,1.78155
12.3,17.3901,1.74077
12.3167,17.4191,1.78771
12.3333,17.4489,1.83272
12.35,17.4794,1.83816
12.3667,17.5101,1.72204
12.3833,17.5388,1.77867
12.4,17.5684,1.72013
12.4167,17.5971,1.74667
12.4333,17.6262,1.78202
12.45,17.6559,1.6005
12.4667,17.6826,1.80976
12.4833,17.7127,1.66432
12.5,17.7405,1.73522
12.5167,17.7694,1.62834
12.5333,17.7965,1.67121
12.55,17.8244,1.69833
12.5667,17.8527,1.60645
12.5833,17.8794,1.65457
12.6,17.907,1.67941
12.6167,17.935,1.55387
12.6333,17.9609,1.53612
12.65,17.9865,1.54585
12.6667,18.0123,1.62022
12.6833,18.0393,1.56186
12.7,18.0653,1.55368
12.7167,18.0912,1.48039
12.7333,18.1159,1.47306
12.75,18.1404,1.47241
12.7667,18.165,1.49733
12.7833,18.1899,1.37456
12.8,18.2128,1.55355
12.8167,18.2387,1.27173
12.8333,18.2599,1.55066
12.85,18.2858,1.41144
12.8667,18.3093,1.31525
12.8833,18.3312,1.32823
12.9,18.3534,1.41872
12.9167,18.377,1.23789
12.9333,18.3976,1.33544
12.95,18.4199,1.32604
12.9667,18.442,1.38879
12.9833,18.4651,1.16357
13,18.4845,1.31398
13.0167,18.5064,1.16918
13.0333,18.5259,1.2782
13.05,18.5472,1.2926
13.0667,18.5688,1.11595
13.0833,18.5874,1.17587
13.1,18.607,1.28684
13.1167,18.6284,1.07265
13.1333,18.6463,1.13871
13.15,18.6653,1.07084
13.1667,18.6831,1.15227
13.1833,18.7023,1.12202
13.2,18.721,1.10238
13.2167,18.7394,1.08351
13.2333,18.7574,1.0902
13.25,18.7756,0.913824
13.2667,18.7908,1.09285
13.2833,18.8091,0.996626
13.3,18.8257,1.09515
13.3167,18.8439,0.946092
13.3333,18.8597,0.985428
13.35,18.8761,1.08138
13.3667,18.8941,0.999862
13.3833,18.9108,0.945535
13.4,18.9266,0.908214
13.4167,18.9417,0.866251
13.4333,18.9561,0.960282
13.45,18.9721,0.938214
13.4667,18.9878,0.865912
13.4833,19.0022,0.951817
13.5,19.0181,0.834574
13.5167,19.032,1.00671
13.5333,19.0488,0.77768
13.55,19.0617,0.878104
13.5667,19.0764,0.786368
13.5833,19.0895,0.874917
13.6,19.104,0.814249
13.6167,19.1176,0.911626
13.6333,19.1328,0.773599
13.65,19.1457,0.929954
13.6667,19.1612,0.783735
13.6833,19.1743,0.801865
13.7,19.1876,0.794039
13.7167,19.2009,0.752637
13.7333,19.2134,0.92997
13.75,19.2289,0.728428
13.7667,19.241,0.900907
13.7833,19.2561,0.691316
13.8,19.2676,0.850225
13.8167,19.2818,0.848487
13.8333,19.2959,0.735768
13.85,19.3082,0.881432
13.8667,19.3228,0.8314
13.8833,19.3367,0.757808
13.9,19.3493,0.712685
13.9167,19.3612,0.778967
13.9333,19.3742,0.852999
13.95,19.3884,0.795501
13.9667,19.4017,0.767217
13.9833,19.4145,0.834566
14,19.4284,0.875435
14.0167,19.443,0.767278
14.0333,19.4557,0.86637
14.05,19.4702,0.820662
14.0667,19.4839,0.89103
14.0833,19.4987,0.852399
14.1,19.5129,0.905278
14.1167,19.528,0.852585
14.1333,19.5422,0.897769
14.15,19.5572,0.87182
14.1667,19.5717,0.760983
14.1833,19.5844,0.859875
14.2,19.5987,0.931726
14.2167,19.6143,0.877821
14.2333,19.6289,0.888597
14.25,19.6437,0.873806
14.2667,19.6583,1.04082
14.2833,19.6756,0.823884
14.3,19.6893,0.967908
14.3167,19.7055,0.997162
14.3333,19.7221,0.980683
14.35,19.7384,1.03021
14.3667,19.7556,0.914937
14.3833,19.7708,0.975896
14.4,19.7871,1.02206
14.4167,19.8041,0.961862
14.4333,19.8202,1.09427
14.45,19.8384,1.07545
14.4667,19.8563,1.11625
14.4833,19.8749,0.980632
14.5,19.8913,1.09791
14.5167,19.9096,1.07813
14.5333,19.9276,1.15793
14.55,19.9469,1.09553
14.5667,19.9651,1.23332
14.5833,19.9857,1.10141
14.6,20.004,1.21623
14.6167,20.0243,1.16339
14.6333,20.0437,1.13387
14.65,20.0626,1.2521
14.6667,20.0835,1.19599
14.6833,20.1034,1.27901
14.7,20.1247,1.2533
14.7167,20.1456,1.29713
14.7333,20.1672,1.24549
14.75,20.188,1.24551
14.7667,20.2087,1.40187
14.7833,20.2321,1.37631
14.8,20.255,1.22021
14.8167,20.2754,1.40545
14.8333,20.2988,1.3195
14.85,20.3208,1.49964
14.8667,20.3458,1.44371
14.8833,20.3698,1.32397
14.9,20.3919,1.53284
14.9167,20.4175,1.48585
14.9333,20.4422,1.29959
14.95,20.4639,1.5599
14.9667,20.4899,1.50061
14.9833,20.5149,1.47248
15,20.5394,1.48573
15.0167,20.5642,1.6717
15.0333,20.592,1.57776
15.05,20.6183,1.5016
15.0667,20.6434,1.52701
15.0833,20.6688,1.68492
15.1,20.6969,1.55605
15.1167,20.7228,1.61156
15.1333,20.7497,1.72354
15.15,20.7784,1.55705
15.1667,20.8044,1.63232
15.1833,20.8316,1.65051
15.2,20.8591,1.83341
15.2167,20.8896,1.63161
15.2333,20.9168,1.73572
15.25,20.9458,1.61528
15.2667,20.9727,1.7918
15.2833,21.0026,1.76072
15.3,21.0319,1.62794
15.3167,21.059,1.80685
15.3333,21.0891,1.81127
15.35,21.1193,1.7184
15.3667,21.148,1.82469
15.3833,21.1784,1.74336
15.4,21.2074,1.91078
15.4167,21.2393,1.8222
15.4333,21.2697,1.73654
15.45,21.2986,1.8176
15.4667,21.3289,1.90736
15.4833,21.3607,1.76571
15.5,21.3901,1.80495
15.5167,21.4202,1.91704
15.5333,21.4521,1.85271
15.55,21.483,1.83903
15.5667,21.5137,1.90375
15.5833,21.5454,1.83092
15.6,21.5759,2.01593
15.6167,21.6095,1.89438
15.6333,21.6411,1.86119
15.65,21.6721,1.80954
15.6667,21.7023,1.88128
15.6833,21.7336,1.93844
15.7,21.7659,1.78829
15.7167,21.7957,1.97907
15.7333,21.8287,1.89307
15.75,21.8603,1.95825
15.7667,21.8929,1.87495
15.7833,21.9242,1.92129
15.8,21.9562,1.74304
15.8167,21.9852,1.93853
15.8333,22.0175,1.92507
15.85,22.0496,1.89648
15.8667,22.0812,1.86952
15.8833,22.1124,2.00308
15.9,22.1458,1.72857
15.9167,22.1746,1.93609
15.9333,22.2068,1.86135
15.95,22.2379,1.82309
15.9667,22.2683,1.85424
15.9833,22.2992,1.84706
16,22.3299,1.92235
16.0167,22.362,1.88023
16.0333,22.3933,1.792
16.05,22.4232,1.80088
16.0667,22.4532,1.8799
16.0833,22.4845,1.81595
16.1,22.5148,1.81198
16.1167,22.545,1.75085
16.1333,22.5742,1.77657
16.15,22.6038,1.77843
16.1667,22.6334,1.81945
16.1833,22.6638,1.77557
16.2,22.6933,1.66516
16.2167,22.7211,1.89784
16.2333,22.7527,1.69008
16.25,22.7809,1.75011
16.2667,22.8101,1.59764
16.2833,22.8367,1.79458
16.3,22.8666,1.65711
16.3167,22.8942,1.67699
16.3333,22.9222,1.6543
16.35,22.9497,1.63485
16.3667,22.977,1.71251
16.3833,23.0055,1.54446
16.4,23.0313,1.75492
16.4167,23.0605,1.46828
16.4333,23.085,1.56124
16.45,23.111,1.67903
16.4667,23.139,1.47416
16.4833,23.1636,1.62339
16.5,23.1906,1.45818
16.5167,23.2149,1.57354
16.5333,23.2412,1.48819
16.55,23.266,1.51524
16.5667,23.2912,1.40204
16.5833,23.3146,1.54574
16.6,23.3403,1.38571
16.6167,23.3634,1.40254
16.6333,23.3868,1.53434
16.65,23.4124,1.37041
16.6667,23.4352,1.35392
16.6833,23.4578,1.36863
16.7,23.4806,1.36969
16.7167,23.5034,1.4124
16.7333,23.527,1.2273
16.75,23.5474,1.34311
16.7667,23.5698,1.26339
16.7833,23.5909,1.34673
16.8,23.6133,1.28386
16.8167,23.6347,1.1685
16.8333,23.6542,1.22867
16.85,23.6747,1.26408
16.8667,23.6957,1.29375
16.8833,23.7173,1.08116
16.9,23.7353,1.23692
16.9167,23.7559,1.14129
16.9333,23.7749,1.08408
16.95,23.793,1.11354
16.9667,23.8116,1.19148
16.9833,23.8314,1.11289
17,23.85,1.1421
17.0167,23.869,1.04545
17.0333,23.8864,1.12685
17.05,23.9052,1.04136
17.0667,23.9226,0.949905
17.0833,23.9384,1.04686
17.1,23.9559,1.05412
17.1167,23.9734,0.87277
17.1333,23.988,1.09083
17.15,24.0062,1.09115
17.1667,24.0243,0.888969
17.1833,24.0392,0.942753
17.2,24.0549,0.898777
17.2167,24.0698,1.00578
17.2333,24.0866,0.876836
17.25,24.1012,1.03826
17.2667,24.1185,0.783929
17.2833,24.1316,0.979819
17.3,24.1479,0.924215
17.3167,24.1633,0.888008
17.3333,24.1781,0.850248
17.35,24.1923,0.940336
17.3667,24.208,0.849065
17.3833,24.2221,0.846621
17.4,24.2362,0.753791
17.4167,24.2488,0.893418
17.4333,24.2637,0.770499
17.45,24.2765,0.87114
17.4667,24.291,0.956732
17.4833,24.307,0.820623
17.5,24.3207,0.774768
17.5167,24.3336,0.77797
17.5333,24.3465,0.774935
17.55,24.3595,0.819449
17.5667,24.3731,0.848411
17.5833,24.3873,0.773148
17.6,24.4001,0.796926
17.6167,24.4134,0.777272
17.6333,24.4264,0.749763
17.65,24.4389,0.876453
17.6667,24.4535,0.866812
17.6833,24.4679,0.767871
17.7,24.4807,0.818857
17.7167,24.4944,0.836772
17.7333,24.5083,0.713615
17.75,24.5202,0.791408
17.7667,24.5334,0.833441
17.7833,24.5473,0.753281
17.8,24.5599,0.879666
17.8167,24.5745,0.794876
17.8333,24.5878,0.930365
17.85,24.6033,0.741381
17.8667,24.6156,0.830253
17.8833,24.6295,0.967807
17.9,24.6456,0.758924
17.9167,24.6582,0.932286
17.9333,24.6738,0.771288
17.95,24.6866,0.876495
17.9667,24.7012,0.926364
17.9833,24.7167,0.84725
18,24.7308,0.954177
18.0167,24.7467,0.80089
18.0333,24.7601,0.958544
18.05,24.776,0.805429
18.0667,24.7895,1.06592
18.0833,24.8072,0.858311
18.1,24.8215,0.934158
18.1167,24.8371,0.923345
18.1333,24.8525,1.02185
18.15,24.8695,0.94946
18.1667,24.8853,0.968845
18.1833,24.9015,0.975108
18.2,24.9177,1.10403
18.2167,24.9361,1.03205
18.2333,24.9533,0.91488
18.25,24.9686,1.12202
18.2667,24.9873,1.1175
18.2833,25.0059,0.975082
18.3,25.0222,1.10039
18.3167,25.0405,1.0895
18.3333,25.0587,1.12205
18.35,25.0774,1.18247
18.3667,25.0971,1.09223
18.3833,25.1153,1.094
18.4,25.1335,1.28644
18.4167,25.1549,1.21178
18.4333,25.1751,1.09256
18.45,25.1934,1.19481
18.4667,25.2133,1.23083
18.4833,25.2338,1.28939
18.5,25.2553,1.242
18.5167,25.276,1.22456
18.5333,25.2964,1.41201
18.55,25.3199,1.24727
18.5667,25.3407,1.23908
18.5833,25.3614,1.44105
18.6,25.3854,1.25613
18.6167,25.4063,1.37169
18.6333,25.4292,1.44538
18.65,25.4533,1.30475
18.6667,25.475,1.46807
18.6833,25.4995,1.48853
18.7,25.5243,1.32239
18.7167,25.5463,1.5229
18.7333,25.5717,1.44647
18.75,25.5958,1.43368
18.7667,25.6197,1.50739
18.7833,25.6448,1.61767
18.8,25.6718,1.43251
18.8167,25.6957,1.58874
18.8333,25.7221,1.48997
18.85,25.747,1.53268
18.8667,25.7725,1.59322
18.8833,25.7991,1.67846
18.9,25.827,1.60453
18.9167,25.8538,1.54226
18.9333,25.8795,1.70197
18.95,25.9079,1.57282
18.9667,25.9341,1.633
18.9833,25.9613,1.62667
19,25.9884,1.76907
19.0167,26.0179,1.626
19.0333,26.045,1.69199
19.05,26.0732,1.8249
19.0667,26.1036,1.70397
19.0833,26.132,1.74306
19.1,26.1611,1.6806
19.1167,26.1891,1.73975
19.1333,26.2181,1.80919
19.15,26.2482,1.86277
19.1667,26.2793,1.74491
19.1833,26.3083,1.80547
19.2,26.3384,1.76345
19.2167,26.3678,1.84344
19.2333,26.3985,1.81747
19.25,26.4288,1.86943
19.2667,26.46,1.77191
19.2833,26.4895,1.8556
19.3,26.5205,1.75387
19.3167,26.5497,1.93543
19.3333,26.5819,1.91161
19.35,26.6138,1.78521
19.3667,26.6436,1.87267
19.3833,26.6748,1.93356
19.4,26.707,1.79851
19.4167,26.737,1.88075
19.4333,26.7683,1.94393
19.45,26.8007,1.85599
19.4667,26.8316,1.98794
19.4833,26.8648,1.74848
19.5,26.8939,2.01088
19.5167,26.9274,1.78728
19.5333,26.9572,1.92186
19.55,26.9893,1.8838
19.5667,27.0206,1.89582
19.5833,27.0522,1.84043
19.6,27.0829,1.92314
19.6167,27.115,1.96526
19.6333,27.1477,1.82003
19.65,27.1781,2.01079
19.6667,27.2116,1.78732
19.6833,27.2414,1.85016
19.7,27.2722,1.8932
19.7167,27.3037,1.87093
19.7333,27.3349,1.88855
19.75,27.3664,1.90843
19.7667,27.3982,1.74175
19.7833,27.4272,1.91997
19.8,27.4592,1.84709
19.8167,27.49,1.95586
19.8333,27.5226,1.79973
19.85,27.5526,1.74824
19.8667,27.5818,1.86268
19.8833,27.6128,1.83587
19.9,27.6434,1.82404
19.9167,27.6738,1.77999
19.9333,27.7035,1.79919
19.95,27.7335,1.82656
19.9667,27.7639,1.7885
19.9833,27.7937,1.74646
20,27.8228,1.70394
20.0167,27.8512,1.74615
20.0333,27.8803,1.73245
20.05,27.9092,1.7227
20.0667,27.9379,1.72086
20.0833,27.9666,1.73505
20.1,27.9955,1.68402
20.1167,28.0236,1.68584
20.1333,28.0517,1.61713
20.15,28.0786,1.6996
20.1667,28.1069,1.63016
20.1833,28.1341,1.6807
20.2,28.1621,1.52382
20.2167,28.1875,1.63082
20.2333,28.2147,1.63413
20.25,28.2419,1.48697
20.2667,28.2667,1.63496
20.2833,28.294,1.48946
20.3,28.3188,1.63984
20.3167,28.3461,1.49526
20.3333,28.371,1.4804
20.35,28.3957,1.54052
20.3667,28.4214,1.33006
20.3833,28.4436,1.58702
20.4,28.47,1.37077
20.4167,28.4929,1.37922
20.4333,28.5158,1.50008
20.45,28.5408,1.29778
20.4667,28.5625,1.49049
20.4833,28.5873,1.40813
20.5,28.6108,1.29504
20.5167,28.6324,1.37823
20.5333,28.6553,1.24442
20.55,28.6761,1.35815
20.5667,28.6987,1.32743
20.5833,28.7208,1.21819
20.6,28.7411,1.2778
20.6167,28.7624,1.21845
20.6333,28.7827,1.27163
20.65,28.8039,1.22163
20.6667,28.8243,1.30213
20.6833,28.846,1.1819
20.7,28.8657,1.2065
20.7167,28.8858,1.19714
20.7333,28.9058,1.05204
20.75,28.9233,1.11335
20.7667,28.9419,1.2136
20.7833,28.9621,1.0703
20.8,28.9799,1.11692
20.8167,28.9985,1.072
20.8333,29.0164,1.17852
20.85,29.036,0.910992
20.8667,29.0512,1.09735
20.8833,29.0695,1.06428
20.9,29.0873,0.926718
20.9167,29.1027,1.06161
20.9333,29.1204,0.941591
20.95,29.1361,1.01245
20.9667,29.153,1.07556
20.9833,29.1709,0.885376
21,29.1856,1.0046
21.0167,29.2024,0.872398
21.0333,29.2169,0.978349
21.05,29.2332,0.880486
21.0667,29.2479,0.94475
21.0833,29.2637,1.0128
21.1,29.2805,0.731715
21.1167,29.2927,0.97655
21.1333,29.309,0.846139
21.15,29.3231,0.891307
21.1667,29.338,0.845914
21.1833,29.3521,0.855209
21.2,29.3663,0.934046
21.2167,29.3819,0.742553
21.2333,29.3943,0.926563
21.25,29.4097,0.721168
21.2667,29.4217,0.933357
21.2833,29.4373,0.674103
21.3,29.4485,0.947482
21.3167,29.4643,0.817577
21.3333,29.4779,0.818889
21.35,29.4916,0.821182
21.3667,29.5053,0.726799
21.3833,29.5174,0.878481
21.4,29.532,0.824067
21.4167,29.5457,0.719072
21.4333,29.5577,0.804142
21.45,29.5711,0.745848
21.4667,29.5836,0.83029
21.4833,29.5974,0.850994
21.5,29.6116,0.868436
21.5167,29.6261,0.657993
21.5333,29.637,0.917379
21.55,29.6523,0.770915
21.5667,29.6652,0.892298
21.5833,29.68,0.791917
21.6,29.6932,0.825755
21.6167,29.707,0.809632
21.6333,29.7205,0.660362
21.65,29.7315,0.978165
21.6667,29.7478,0.877119
21.6833,29.7624,0.782371
21.7,29.7755,0.843281
21.7167,29.7895,0.778567
21.7333,29.8025,0.86029
21.75,29.8168,0.937963
21.7667,29.8325,0.821341
21.7833,29.8462,0.813045
21.8,29.8597,0.945168
21.8167,29.8755,0.845401
21.8333,29.8895,0.952528
21.85,29.9054,0.924394
21.8667,29.9208,0.842908
21.8833,29.9349,0.925019
21.9,29.9503,1.00175
21.9167,29.967,0.999537
21.9333,29.9836,0.931435
21.95,29.9992,0.965907
21.9667,30.0153,0.965924
21.9833,30.0314,1.04134
22,30.0487,0.937553
22.0167,30.0643,0.978387
22.0333,30.0807,1.12533
22.05,30.0994,1.01099
22.0667,30.1163,1.00298
22.0833,30.133,1.15201
22.1,30.1522,1.03933
22.1167,30.1695,1.10978
22.1333,30.188,1.02952
22.15,30.2052,1.14769
22.1667,30.2243,1.19747
22.1833,30.2442,1.06756
22.2,30.262,1.19715
22.2167,30.282,1.22411
22.2333,30.3024,1.21607
22.25,30.3227,1.22369
22.2667,30.3431,1.09956
22.2833,30.3614,1.26869
22.3,30.3825,1.28814
22.3167,30.404,1.32249
22.3333,30.426,1.1788
22.35,30.4457,1.27824
22.3667,30.467,1.38468
22.3833,30.4901,1.37136
22.4,30.5129,1.22136
22.4167,30.5333,1.38842
22.4333,30.5564,1.38404
22.45,30.5795,1.44106
22.4667,30.6035,1.30356
22.4833,30.6252,1.4041
22.5,30.6486,1.54684
22.5167,30.6744,1.42098
22.5333,30.6981,1.44575
22.55,30.7222,1.38459
22.5667,30.7453,1.55195
22.5833,30.7711,1.59583
22.6,30.7977,1.48951
22.6167,30.8225,1.43682
22.6333,30.8465,1.66555
22.65,30.8743,1.48032
22.6667,30.8989,1.58793
22.6833,30.9254,1.56705
22.7,30.9515,1.67487
22.7167,30.9794,1.52165
22.7333,31.0048,1.58219
22.75,31.0312,1.77619
22.7667,31.0608,1.65091
22.7833,31.0883,1.72808
22.8,31.1171,1.53765
22.8167,31.1427,1.72374
22.8333,31.1714,1.71195
22.85,31.2,1.7209
22.8667,31.2286,1.70896
22.8833,31.2571,1.76817
22.9,31.2866,1.61592
22.9167,31.3135,1.81078
22.9333,31.3437,1.81202
22.95,31.3739,1.77001
22.9667,31.4034,1.74372
22.9833,31.4325,1.76821
23,31.4619,1.96279
23.0167,31.4947,1.77895
23.0333,31.5243,1.79865
23.05,31.5543,1.85891
23.0667,31.5853,1.87869
23.0833,31.6166,1.82525
23.1,31.647,1.84996
23.1167,31.6778,1.79837
23.1333,31.7078,1.90598
23.15,31.7396,1.81812
23.1667,31.7699,1.92395
23.1833,31.8019,1.83418
23.2,31.8325,1.85867
23.2167,31.8635,1.90926
23.2333,31.8953,1.81759
23.25,31.9256,1.87311
23.2667,31.9568,1.92248
23.2833,31.9889,1.97458
23.3,32.0218,1.87922
23.3167,32.0531,1.82222
23.3333,32.0835,1.94348
23.35,32.1158,1.92161
23.3667,32.1479,1.93072
23.3833,32.1801,1.94977
23.4,32.2126,1.81742
23.4167,32.2428,1.92794
23.4333,32.275,1.96471
23.45,32.3077,1.87252
23.4667,32.3389,1.95895
23.4833,32.3716,1.71207
23.5,32.4001,1.96423
23.5167,32.4328,1.9048
23.5333,32.4646,1.8935
23.55,32.4962,1.79687
23.5667,32.5261,1.85924
23.5833,32.5571,1.95296
23.6,32.5896,1.77996
23.6167,32.6193,1.82484
23.6333,32.6497,1.8734
23.65,32.6809,1.83871
23.6667,32.7116,1.87233
23.6833,32.7428,1.81874
23.7,32.7731,1.79404
23.7167,32.803,1.77575
23.7333,32.8326,1.82501
23.75,32.863,1.79514
23.7667,32.8929,1.71433
23.7833,32.9215,1.7725
23.8,32.9511,1.83618
23.8167,32.9817,1.74888
23.8333,33.0108,1.72166
23.85,33.0395,1.77452
23.8667,33.0691,1.63387
23.8833,33.0963,1.88737
23.9,33.1278,1.61034
23.9167,33.1546,1.69261
23.9333,33.1828,1.65791
23.95,33.2104,1.66366
23.9667,33.2382,1.68129
23.9833,33.2662
